timestamp,lineId,directionId,pointId,istop_id,distanceFromPoint,et,bus_id
1631606899996,95,4318,1128,4,0,2021-09-14 08:08:19.996,1
1631606899996,95,4318,1233,8,34,2021-09-14 08:08:19.996,2
1631606899996,95,4318,1233,8,112,2021-09-14 08:08:19.996,3
1631606963238,95,4318,1703,3,6,2021-09-14 08:09:23.238,4
1631606963238,95,4318,1128,4,217,2021-09-14 08:09:23.238,1
1631606963238,95,4318,1906,9,40,2021-09-14 08:09:23.238,3
1631606963238,95,4318,1909,10,2,2021-09-14 08:09:23.238,5
1631606963238,95,4318,3558,16,273,2021-09-14 08:09:23.238,6
1631606963238,95,4318,1453,21,0,2021-09-14 08:09:23.238,7
1631606994879,95,4318,1703,3,46,2021-09-14 08:09:54.879,4
1631606994879,95,4318,6354,5,0,2021-09-14 08:09:54.879,1
1631606994879,95,4318,1906,9,40,2021-09-14 08:09:54.879,3
1631606994879,95,4318,1909,10,0,2021-09-14 08:09:54.879,8
1631606994879,95,4318,3558,16,439,2021-09-14 08:09:54.879,6
1631606994879,95,4318,1453,21,48,2021-09-14 08:09:54.879,7
1631607027041,95,4318,1128,4,0,2021-09-14 08:10:27.041,4
1631607027041,95,4318,6354,5,0,2021-09-14 08:10:27.041,1
1631607027041,95,4318,1906,9,40,2021-09-14 08:10:27.041,3
1631607027041,95,4318,1909,10,177,2021-09-14 08:10:27.041,8
1631607027041,95,4318,4308,17,0,2021-09-14 08:10:27.041,6
1631607027041,95,4318,4313,22,34,2021-09-14 08:10:27.041,7
1631607059550,95,4318,1128,4,0,2021-09-14 08:10:59.550,4
1631607059550,95,4318,6354,5,36,2021-09-14 08:10:59.550,1
1631607059550,95,4318,1909,10,42,2021-09-14 08:10:59.550,3
1631607059550,95,4318,1909,10,354,2021-09-14 08:10:59.550,8
1631607059550,95,4318,4307,15,6,2021-09-14 08:10:59.550,9
1631607059550,95,4318,4308,17,148,2021-09-14 08:10:59.550,6
1631607059550,95,4318,4313,22,130,2021-09-14 08:10:59.550,7
1631607090668,95,4318,1128,4,23,2021-09-14 08:11:30.668,4
1631607090668,95,4318,6354,5,225,2021-09-14 08:11:30.668,1
1631607090668,95,4318,1909,10,42,2021-09-14 08:11:30.668,3
1631607090668,95,4318,4303,11,38,2021-09-14 08:11:30.668,8
1631607090668,95,4318,4308,17,268,2021-09-14 08:11:30.668,6
1631607090668,95,4318,4314,23,0,2021-09-14 08:11:30.668,7
1631607122229,95,4318,1128,4,207,2021-09-14 08:12:02.229,4
1631607122229,95,4318,6354,5,225,2021-09-14 08:12:02.229,1
1631607122229,95,4318,1909,10,42,2021-09-14 08:12:02.229,3
1631607122229,95,4318,4303,11,319,2021-09-14 08:12:02.229,8
1631607122229,95,4318,4309,18,50,2021-09-14 08:12:02.229,6
1631607122229,95,4318,4314,23,38,2021-09-14 08:12:02.229,7
1631607154535,95,4318,6354,5,0,2021-09-14 08:12:34.535,4
1631607154535,95,4318,6354,5,225,2021-09-14 08:12:34.535,1
1631607154535,95,4318,1909,10,42,2021-09-14 08:12:34.535,3
1631607154535,95,4318,4304,12,0,2021-09-14 08:12:34.535,8
1631607154535,95,4318,4309,18,80,2021-09-14 08:12:34.535,6
1631607154535,95,4318,4314,23,203,2021-09-14 08:12:34.535,7
1631607185372,95,4318,6354,5,79,2021-09-14 08:13:05.372,4
1631607185372,95,4318,6354,5,225,2021-09-14 08:13:05.372,1
1631607185372,95,4318,4304,12,198,2021-09-14 08:13:05.372,8
1631607185372,95,4318,4309,18,80,2021-09-14 08:13:05.372,6
1631607185372,95,4318,4315,24,0,2021-09-14 08:13:05.372,7
1631607216723,95,4318,6354,5,168,2021-09-14 08:13:36.723,4
1631607216723,95,4318,6354,5,225,2021-09-14 08:13:36.723,1
1631607216723,95,4318,4304,12,0,2021-09-14 08:13:36.723,10
1631607216723,95,4318,4304,12,198,2021-09-14 08:13:36.723,8
1631607216723,95,4318,4309,18,80,2021-09-14 08:13:36.723,6
1631607216723,95,4318,4315,24,36,2021-09-14 08:13:36.723,7
1631607247713,95,4318,6354,5,193,2021-09-14 08:14:07.713,4
1631607247713,95,4318,4304,12,131,2021-09-14 08:14:07.713,10
1631607247713,95,4318,4305,13,38,2021-09-14 08:14:07.713,8
1631607247713,95,4318,4310,19,40,2021-09-14 08:14:07.713,6
1631607247713,95,4318,4315,24,91,2021-09-14 08:14:07.713,7
1631607279470,95,4318,6354,5,193,2021-09-14 08:14:39.470,4
1631607279470,95,4318,4304,12,326,2021-09-14 08:14:39.470,10
1631607279470,95,4318,4305,13,49,2021-09-14 08:14:39.470,8
1631607279470,95,4318,4310,19,40,2021-09-14 08:14:39.470,6
1631607279470,95,4318,4315,24,91,2021-09-14 08:14:39.470,7
1631607310708,95,4318,6354,5,193,2021-09-14 08:15:10.708,4
1631607310708,95,4318,4305,13,228,2021-09-14 08:15:10.708,10
1631607310708,95,4318,4305,13,274,2021-09-14 08:15:10.708,8
1631607310708,95,4318,4310,19,40,2021-09-14 08:15:10.708,6
1631607310708,95,4318,4315,24,91,2021-09-14 08:15:10.708,7
1631607342603,95,4318,6354,5,193,2021-09-14 08:15:42.603,4
1631607342603,95,4318,6433,6,0,2021-09-14 08:15:42.603,11
1631607342603,95,4318,4305,13,311,2021-09-14 08:15:42.603,10
1631607342603,95,4318,4305,13,315,2021-09-14 08:15:42.603,8
1631607342603,95,4318,4307,15,6,2021-09-14 08:15:42.603,12
1631607342603,95,4318,4310,19,40,2021-09-14 08:15:42.603,6
1631607342603,95,4318,4315,24,91,2021-09-14 08:15:42.603,7
1631607374967,95,4318,6354,5,193,2021-09-14 08:16:14.967,13
1631607374967,95,4318,6433,6,40,2021-09-14 08:16:14.967,11
1631607374967,95,4318,4305,13,315,2021-09-14 08:16:14.967,10
1631607374967,95,4318,4306,14,0,2021-09-14 08:16:14.967,8
1631607374967,95,4318,4307,15,6,2021-09-14 08:16:14.967,12
1631607374967,95,4318,4310,19,452,2021-09-14 08:16:14.967,6
1631607406554,95,4318,6354,5,193,2021-09-14 08:16:46.554,13
1631607406554,95,4318,1729,7,53,2021-09-14 08:16:46.554,11
1631607406554,95,4318,4305,13,315,2021-09-14 08:16:46.554,10
1631607406554,95,4318,4306,14,261,2021-09-14 08:16:46.554,8
1631607406554,95,4318,4307,15,6,2021-09-14 08:16:46.554,12
1631607406554,95,4318,4311,20,0,2021-09-14 08:16:46.554,6
1631607438674,95,4318,2268,2,77,2021-09-14 08:17:18.674,14
1631607438674,95,4318,1729,7,181,2021-09-14 08:17:18.674,11
1631607438674,95,4318,4305,13,315,2021-09-14 08:17:18.674,10
1631607438674,95,4318,4306,14,416,2021-09-14 08:17:18.674,8
1631607438674,95,4318,4307,15,6,2021-09-14 08:17:18.674,12
1631607438674,95,4318,4311,20,94,2021-09-14 08:17:18.674,6
1631607471074,95,4318,1703,3,53,2021-09-14 08:17:51.074,14
1631607471074,95,4318,1233,8,0,2021-09-14 08:17:51.074,11
1631607471074,95,4318,4307,15,0,2021-09-14 08:17:51.074,8
1631607471074,95,4318,4311,20,293,2021-09-14 08:17:51.074,6
1631607502343,95,4318,1128,4,0,2021-09-14 08:18:22.343,14
1631607502343,95,4318,1729,7,99,2021-09-14 08:18:22.343,15
1631607502343,95,4318,1233,8,31,2021-09-14 08:18:22.343,11
1631607502343,95,4318,4307,15,4,2021-09-14 08:18:22.343,8
1631607502343,95,4318,4307,15,6,2021-09-14 08:18:22.343,16
1631607502343,95,4318,1453,21,98,2021-09-14 08:18:22.343,6
1631607533425,95,4318,1128,4,0,2021-09-14 08:18:53.425,14
1631607533425,95,4318,1729,7,99,2021-09-14 08:18:53.425,15
1631607533425,95,4318,1233,8,148,2021-09-14 08:18:53.425,11
1631607533425,95,4318,4307,15,38,2021-09-14 08:18:53.425,8
1631607533425,95,4318,4307,15,85,2021-09-14 08:18:53.425,16
1631607533425,95,4318,4313,22,1,2021-09-14 08:18:53.425,6
1631607564593,95,4318,1128,4,151,2021-09-14 08:19:24.593,14
1631607564593,95,4318,1729,7,99,2021-09-14 08:19:24.593,15
1631607564593,95,4318,1233,8,407,2021-09-14 08:19:24.593,11
1631607564593,95,4318,4307,15,85,2021-09-14 08:19:24.593,8
1631607564593,95,4318,4307,15,189,2021-09-14 08:19:24.593,16
1631607564593,95,4318,4313,22,68,2021-09-14 08:19:24.593,6
1631607595441,95,4318,6354,5,0,2021-09-14 08:19:55.441,14
1631607595441,95,4318,1729,7,99,2021-09-14 08:19:55.441,15
1631607595441,95,4318,1906,9,0,2021-09-14 08:19:55.441,11
1631607595441,95,4318,4307,15,85,2021-09-14 08:19:55.441,8
1631607595441,95,4318,4307,15,189,2021-09-14 08:19:55.441,16
1631607595441,95,4318,4313,22,120,2021-09-14 08:19:55.441,6
1631607626806,95,4318,6354,5,36,2021-09-14 08:20:26.806,14
1631607626806,95,4318,1233,8,427,2021-09-14 08:20:26.806,15
1631607626806,95,4318,1906,9,40,2021-09-14 08:20:26.806,11
1631607626806,95,4318,4307,15,85,2021-09-14 08:20:26.806,8
1631607626806,95,4318,4307,15,227,2021-09-14 08:20:26.806,16
1631607626806,95,4318,4313,22,280,2021-09-14 08:20:26.806,6
1631607658049,95,4318,6354,5,36,2021-09-14 08:20:58.049,14
1631607658049,95,4318,1233,8,495,2021-09-14 08:20:58.049,15
1631607658049,95,4318,1906,9,40,2021-09-14 08:20:58.049,11
1631607658049,95,4318,4307,15,6,2021-09-14 08:20:58.049,17
1631607658049,95,4318,4307,15,227,2021-09-14 08:20:58.049,16
1631607658049,95,4318,4313,22,348,2021-09-14 08:20:58.049,6
1631607689414,95,4318,6354,5,36,2021-09-14 08:21:29.414,14
1631607689414,95,4318,1906,9,40,2021-09-14 08:21:29.414,15
1631607689414,95,4318,1906,9,50,2021-09-14 08:21:29.414,11
1631607689414,95,4318,4307,15,227,2021-09-14 08:21:29.414,17
1631607689414,95,4318,3558,16,474,2021-09-14 08:21:29.414,16
1631607689414,95,4318,4313,22,348,2021-09-14 08:21:29.414,6
1631607721253,95,4318,6354,5,36,2021-09-14 08:22:01.253,14
1631607721253,95,4318,1906,9,221,2021-09-14 08:22:01.253,15
1631607721253,95,4318,1909,10,38,2021-09-14 08:22:01.253,11
1631607721253,95,4318,4307,15,227,2021-09-14 08:22:01.253,17
1631607721253,95,4318,4308,17,0,2021-09-14 08:22:01.253,16
1631607721253,95,4318,4315,24,42,2021-09-14 08:22:01.253,18
1631607754172,95,4318,6354,5,36,2021-09-14 08:22:34.172,14
1631607754172,95,4318,1909,10,38,2021-09-14 08:22:34.172,15
1631607754172,95,4318,1909,10,41,2021-09-14 08:22:34.172,11
1631607754172,95,4318,4307,15,227,2021-09-14 08:22:34.172,17
1631607754172,95,4318,4308,17,155,2021-09-14 08:22:34.172,16
1631607754172,95,4318,4315,24,42,2021-09-14 08:22:34.172,18
1631607784178,95,4318,6354,5,655,2021-09-14 08:23:04.178,14
1631607784178,95,4318,1909,10,38,2021-09-14 08:23:04.178,15
1631607784178,95,4318,1909,10,375,2021-09-14 08:23:04.178,11
1631607784178,95,4318,4308,17,34,2021-09-14 08:23:04.178,19
1631607784178,95,4318,4309,18,0,2021-09-14 08:23:04.178,16
1631607784178,95,4318,4315,24,34,2021-09-14 08:23:04.178,20
1631607815692,95,4318,6354,5,676,2021-09-14 08:23:35.692,14
1631607815692,95,4318,1909,10,38,2021-09-14 08:23:35.692,15
1631607815692,95,4318,4303,11,0,2021-09-14 08:23:35.692,11
1631607815692,95,4318,4307,15,6,2021-09-14 08:23:35.692,21
1631607815692,95,4318,4308,17,34,2021-09-14 08:23:35.692,19
1631607815692,95,4318,4309,18,68,2021-09-14 08:23:35.692,16
1631607815692,95,4318,4315,24,34,2021-09-14 08:23:35.692,20
1631607848071,95,4318,6354,5,691,2021-09-14 08:24:08.071,14
1631607848071,95,4318,4303,11,4,2021-09-14 08:24:08.071,15
1631607848071,95,4318,4304,12,0,2021-09-14 08:24:08.071,11
1631607848071,95,4318,4309,18,38,2021-09-14 08:24:08.071,19
1631607848071,95,4318,4309,18,301,2021-09-14 08:24:08.071,16
1631607848071,95,4318,4315,24,34,2021-09-14 08:24:08.071,20
1631607879086,95,4318,6354,5,691,2021-09-14 08:24:39.086,14
1631607879086,95,4318,4303,11,55,2021-09-14 08:24:39.086,15
1631607879086,95,4318,4304,12,0,2021-09-14 08:24:39.086,11
1631607879086,95,4318,4307,15,6,2021-09-14 08:24:39.086,22
1631607879086,95,4318,4309,18,140,2021-09-14 08:24:39.086,19
1631607879086,95,4318,4309,18,449,2021-09-14 08:24:39.086,16
1631607909129,95,4318,6354,5,691,2021-09-14 08:25:09.129,14
1631607909129,95,4318,4303,11,221,2021-09-14 08:25:09.129,15
1631607909129,95,4318,4304,12,199,2021-09-14 08:25:09.129,11
1631607909129,95,4318,4309,18,466,2021-09-14 08:25:09.129,19
1631607909129,95,4318,4310,19,3,2021-09-14 08:25:09.129,16
1631607941724,95,4318,2268,2,121,2021-09-14 08:25:41.724,23
1631607941724,95,4318,6354,5,728,2021-09-14 08:25:41.724,14
1631607941724,95,4318,4303,11,311,2021-09-14 08:25:41.724,15
1631607941724,95,4318,4304,12,238,2021-09-14 08:25:41.724,11
1631607941724,95,4318,4310,19,0,2021-09-14 08:25:41.724,19
1631607941724,95,4318,4310,19,40,2021-09-14 08:25:41.724,16
1631607973058,95,4318,1703,3,0,2021-09-14 08:26:13.058,23
1631607973058,95,4318,6433,6,1,2021-09-14 08:26:13.058,14
1631607973058,95,4318,4304,12,34,2021-09-14 08:26:13.058,15
1631607973058,95,4318,4305,13,1,2021-09-14 08:26:13.058,11
1631607973058,95,4318,4310,19,92,2021-09-14 08:26:13.058,19
1631607973058,95,4318,4310,19,120,2021-09-14 08:26:13.058,16
1631608005733,95,4318,1703,3,107,2021-09-14 08:26:45.733,23
1631608005733,95,4318,6433,6,105,2021-09-14 08:26:45.733,14
1631608005733,95,4318,4304,12,262,2021-09-14 08:26:45.733,15
1631608005733,95,4318,4305,13,150,2021-09-14 08:26:45.733,11
1631608005733,95,4318,4310,19,140,2021-09-14 08:26:45.733,19
1631608005733,95,4318,4310,19,231,2021-09-14 08:26:45.733,16
1631608036894,95,4318,1703,3,183,2021-09-14 08:27:16.894,23
1631608036894,95,4318,1729,7,0,2021-09-14 08:27:16.894,14
1631608036894,95,4318,4305,13,0,2021-09-14 08:27:16.894,15
1631608036894,95,4318,4305,13,262,2021-09-14 08:27:16.894,11
1631608036894,95,4318,4310,19,317,2021-09-14 08:27:16.894,19
1631608036894,95,4318,4310,19,409,2021-09-14 08:27:16.894,16
1631608067833,95,4318,1128,4,0,2021-09-14 08:27:47.833,23
1631608067833,95,4318,1729,7,46,2021-09-14 08:27:47.833,14
1631608067833,95,4318,4305,13,34,2021-09-14 08:27:47.833,15
1631608067833,95,4318,4305,13,262,2021-09-14 08:27:47.833,11
1631608067833,95,4318,4311,20,0,2021-09-14 08:27:47.833,19
1631608067833,95,4318,4311,20,1,2021-09-14 08:27:47.833,16
1631608099559,95,4318,1128,4,0,2021-09-14 08:28:19.559,23
1631608099559,95,4318,1729,7,46,2021-09-14 08:28:19.559,14
1631608099559,95,4318,4305,13,34,2021-09-14 08:28:19.559,15
1631608099559,95,4318,4306,14,0,2021-09-14 08:28:19.559,11
1631608099559,95,4318,4307,15,6,2021-09-14 08:28:19.559,24
1631608099559,95,4318,4311,20,40,2021-09-14 08:28:19.559,19
1631608099559,95,4318,4311,20,71,2021-09-14 08:28:19.559,16
1631608130719,95,4318,1128,4,119,2021-09-14 08:28:50.719,23
1631608130719,95,4318,1233,8,34,2021-09-14 08:28:50.719,14
1631608130719,95,4318,4305,13,34,2021-09-14 08:28:50.719,15
1631608130719,95,4318,4306,14,0,2021-09-14 08:28:50.719,11
1631608130719,95,4318,4311,20,220,2021-09-14 08:28:50.719,19
1631608130719,95,4318,4311,20,287,2021-09-14 08:28:50.719,16
1631608163574,95,4318,1128,4,195,2021-09-14 08:29:23.574,23
1631608163574,95,4318,1233,8,34,2021-09-14 08:29:23.574,14
1631608163574,95,4318,4305,13,34,2021-09-14 08:29:23.574,15
1631608163574,95,4318,4306,14,0,2021-09-14 08:29:23.574,11
1631608163574,95,4318,1453,21,38,2021-09-14 08:29:23.574,16
1631608163574,95,4318,4313,22,40,2021-09-14 08:29:23.574,25
1631608194910,95,4318,6354,5,0,2021-09-14 08:29:54.910,23
1631608194910,95,4318,1233,8,34,2021-09-14 08:29:54.910,14
1631608194910,95,4318,4306,14,0,2021-09-14 08:29:54.910,11
1631608194910,95,4318,1453,21,38,2021-09-14 08:29:54.910,16
1631608194910,95,4318,4313,22,75,2021-09-14 08:29:54.910,25
1631608225161,95,4318,6354,5,46,2021-09-14 08:30:25.161,23
1631608225161,95,4318,1906,9,40,2021-09-14 08:30:25.161,14
1631608225161,95,4318,4306,14,0,2021-09-14 08:30:25.161,11
1631608225161,95,4318,4306,14,68,2021-09-14 08:30:25.161,26
1631608225161,95,4318,4313,22,40,2021-09-14 08:30:25.161,16
1631608225161,95,4318,4313,22,375,2021-09-14 08:30:25.161,25
1631608257053,95,4318,6354,5,46,2021-09-14 08:30:57.053,23
1631608257053,95,4318,1906,9,40,2021-09-14 08:30:57.053,14
1631608257053,95,4318,4306,14,68,2021-09-14 08:30:57.053,26
1631608257053,95,4318,4313,22,40,2021-09-14 08:30:57.053,16
1631608257053,95,4318,4314,23,44,2021-09-14 08:30:57.053,25
1631608287121,95,4318,6354,5,192,2021-09-14 08:31:27.121,23
1631608287121,95,4318,1909,10,0,2021-09-14 08:31:27.121,14
1631608287121,95,4318,4306,14,68,2021-09-14 08:31:27.121,26
1631608287121,95,4318,4307,15,6,2021-09-14 08:31:27.121,27
1631608287121,95,4318,4307,15,105,2021-09-14 08:31:27.121,28
1631608287121,95,4318,4313,22,40,2021-09-14 08:31:27.121,16
1631608287121,95,4318,4314,23,44,2021-09-14 08:31:27.121,25
1631608317298,95,4318,6354,5,318,2021-09-14 08:31:57.298,23
1631608317298,95,4318,1909,10,0,2021-09-14 08:31:57.298,14
1631608317298,95,4318,4307,15,6,2021-09-14 08:31:57.298,26
1631608317298,95,4318,4307,15,105,2021-09-14 08:31:57.298,28
1631608317298,95,4318,4313,22,40,2021-09-14 08:31:57.298,16
1631608317298,95,4318,4314,23,44,2021-09-14 08:31:57.298,25
1631608347276,95,4318,2268,2,0,2021-09-14 08:32:27.276,29
1631608347276,95,4318,6354,5,318,2021-09-14 08:32:27.276,23
1631608347276,95,4318,1909,10,282,2021-09-14 08:32:27.276,14
1631608347276,95,4318,4307,15,49,2021-09-14 08:32:27.276,26
1631608347276,95,4318,3558,16,0,2021-09-14 08:32:27.276,28
1631608347276,95,4318,4313,22,40,2021-09-14 08:32:27.276,16
1631608347276,95,4318,4314,23,44,2021-09-14 08:32:27.276,25
1631608378611,95,4318,2268,2,14,2021-09-14 08:32:58.611,29
1631608378611,95,4318,6354,5,318,2021-09-14 08:32:58.611,23
1631608378611,95,4318,4303,11,4,2021-09-14 08:32:58.611,14
1631608378611,95,4318,4307,15,183,2021-09-14 08:32:58.611,26
1631608378611,95,4318,3558,16,0,2021-09-14 08:32:58.611,28
1631608378611,95,4318,4315,24,42,2021-09-14 08:32:58.611,25
1631608409547,95,4318,1703,3,0,2021-09-14 08:33:29.547,29
1631608409547,95,4318,6354,5,318,2021-09-14 08:33:29.547,23
1631608409547,95,4318,4303,11,118,2021-09-14 08:33:29.547,14
1631608409547,95,4318,4307,15,6,2021-09-14 08:33:29.547,30
1631608409547,95,4318,3558,16,6,2021-09-14 08:33:29.547,26
1631608409547,95,4318,3558,16,83,2021-09-14 08:33:29.547,28
1631608409547,95,4318,4315,24,42,2021-09-14 08:33:29.547,25
1631608440947,95,4318,1703,3,13,2021-09-14 08:34:00.947,29
1631608440947,95,4318,4303,11,283,2021-09-14 08:34:00.947,14
1631608440947,95,4318,4307,15,6,2021-09-14 08:34:00.947,30
1631608440947,95,4318,3558,16,72,2021-09-14 08:34:00.947,26
1631608440947,95,4318,3558,16,206,2021-09-14 08:34:00.947,28
1631608473083,95,4318,1703,3,152,2021-09-14 08:34:33.083,29
1631608473083,95,4318,4304,12,38,2021-09-14 08:34:33.083,14
1631608473083,95,4318,3558,16,284,2021-09-14 08:34:33.083,30
1631608473083,95,4318,3558,16,582,2021-09-14 08:34:33.083,28
1631608505953,95,4318,1128,4,0,2021-09-14 08:35:05.953,29
1631608505953,95,4318,6433,6,40,2021-09-14 08:35:05.953,31
1631608505953,95,4318,4304,12,46,2021-09-14 08:35:05.953,14
1631608505953,95,4318,4308,17,0,2021-09-14 08:35:05.953,30
1631608505953,95,4318,4308,17,34,2021-09-14 08:35:05.953,28
1631608537652,95,4318,1128,4,74,2021-09-14 08:35:37.652,29
1631608537652,95,4318,6433,6,40,2021-09-14 08:35:37.652,31
1631608537652,95,4318,4304,12,46,2021-09-14 08:35:37.652,14
1631608537652,95,4318,4307,15,6,2021-09-14 08:35:37.652,32
1631608537652,95,4318,4308,17,34,2021-09-14 08:35:37.652,30
1631608537652,95,4318,4308,17,102,2021-09-14 08:35:37.652,28
1631608569009,95,4318,1128,4,194,2021-09-14 08:36:09.009,29
1631608569009,95,4318,1729,7,46,2021-09-14 08:36:09.009,31
1631608569009,95,4318,4305,13,38,2021-09-14 08:36:09.009,14
1631608569009,95,4318,4308,17,254,2021-09-14 08:36:09.009,30
1631608569009,95,4318,4309,18,0,2021-09-14 08:36:09.009,28
1631608600499,95,4318,1128,4,194,2021-09-14 08:36:40.499,29
1631608600499,95,4318,1729,7,224,2021-09-14 08:36:40.499,31
1631608600499,95,4318,4305,13,38,2021-09-14 08:36:40.499,14
1631608600499,95,4318,4308,17,262,2021-09-14 08:36:40.499,30
1631608600499,95,4318,4309,18,38,2021-09-14 08:36:40.499,28
1631608631542,95,4318,6354,5,36,2021-09-14 08:37:11.542,29
1631608631542,95,4318,1233,8,52,2021-09-14 08:37:11.542,31
1631608631542,95,4318,4305,13,38,2021-09-14 08:37:11.542,14
1631608631542,95,4318,4307,15,6,2021-09-14 08:37:11.542,33
1631608631542,95,4318,4309,18,0,2021-09-14 08:37:11.542,30
1631608631542,95,4318,4309,18,257,2021-09-14 08:37:11.542,28
1631608662529,95,4318,6354,5,256,2021-09-14 08:37:42.529,29
1631608662529,95,4318,1233,8,315,2021-09-14 08:37:42.529,31
1631608662529,95,4318,4306,14,42,2021-09-14 08:37:42.529,14
1631608662529,95,4318,4307,15,6,2021-09-14 08:37:42.529,33
1631608662529,95,4318,4309,18,126,2021-09-14 08:37:42.529,30
1631608662529,95,4318,4309,18,257,2021-09-14 08:37:42.529,28
1631608694577,95,4318,6354,5,256,2021-09-14 08:38:14.577,29
1631608694577,95,4318,1233,8,332,2021-09-14 08:38:14.577,31
1631608694577,95,4318,4306,14,42,2021-09-14 08:38:14.577,14
1631608694577,95,4318,4309,18,126,2021-09-14 08:38:14.577,30
1631608694577,95,4318,4309,18,257,2021-09-14 08:38:14.577,28
1631608724655,95,4318,2268,2,64,2021-09-14 08:38:44.655,34
1631608724655,95,4318,6354,5,256,2021-09-14 08:38:44.655,29
1631608724655,95,4318,1233,8,489,2021-09-14 08:38:44.655,31
1631608724655,95,4318,4307,15,6,2021-09-14 08:38:44.655,14
1631608724655,95,4318,4309,18,126,2021-09-14 08:38:44.655,30
1631608724655,95,4318,4309,18,257,2021-09-14 08:38:44.655,28
1631608755507,95,4318,2268,2,64,2021-09-14 08:39:15.507,34
1631608755507,95,4318,6354,5,256,2021-09-14 08:39:15.507,29
1631608755507,95,4318,1906,9,5,2021-09-14 08:39:15.507,31
1631608755507,95,4318,4307,15,38,2021-09-14 08:39:15.507,14
1631608755507,95,4318,4309,18,126,2021-09-14 08:39:15.507,30
1631608755507,95,4318,4309,18,257,2021-09-14 08:39:15.507,28
1631608786700,95,4318,1703,3,46,2021-09-14 08:39:46.700,34
1631608786700,95,4318,6354,5,256,2021-09-14 08:39:46.700,29
1631608786700,95,4318,1906,9,251,2021-09-14 08:39:46.700,31
1631608786700,95,4318,3558,16,3,2021-09-14 08:39:46.700,14
1631608786700,95,4318,4309,18,126,2021-09-14 08:39:46.700,30
1631608786700,95,4318,4310,19,92,2021-09-14 08:39:46.700,28
1631608818005,95,4318,1703,3,156,2021-09-14 08:40:18.005,34
1631608818005,95,4318,6433,6,59,2021-09-14 08:40:18.005,29
1631608818005,95,4318,1909,10,0,2021-09-14 08:40:18.005,31
1631608818005,95,4318,3558,16,3,2021-09-14 08:40:18.005,14
1631608818005,95,4318,4310,19,92,2021-09-14 08:40:18.005,28
1631608848222,95,4318,1128,4,0,2021-09-14 08:40:48.222,34
1631608848222,95,4318,1729,7,46,2021-09-14 08:40:48.222,29
1631608848222,95,4318,1909,10,38,2021-09-14 08:40:48.222,31
1631608848222,95,4318,3558,16,55,2021-09-14 08:40:48.222,14
1631608848222,95,4318,4311,20,0,2021-09-14 08:40:48.222,28
1631608878812,95,4318,1128,4,13,2021-09-14 08:41:18.812,34
1631608878812,95,4318,1729,7,46,2021-09-14 08:41:18.812,29
1631608878812,95,4318,1909,10,196,2021-09-14 08:41:18.812,31
1631608878812,95,4318,3558,16,118,2021-09-14 08:41:18.812,14
1631608878812,95,4318,4311,20,0,2021-09-14 08:41:18.812,28
1631608909923,95,4318,1128,4,220,2021-09-14 08:41:49.923,34
1631608909923,95,4318,1729,7,46,2021-09-14 08:41:49.923,29
1631608909923,95,4318,4303,11,4,2021-09-14 08:41:49.923,31
1631608909923,95,4318,4307,15,6,2021-09-14 08:41:49.923,35
1631608909923,95,4318,3558,16,294,2021-09-14 08:41:49.923,14
1631608909923,95,4318,4311,20,42,2021-09-14 08:41:49.923,28
1631608941933,95,4318,1128,4,235,2021-09-14 08:42:21.933,34
1631608941933,95,4318,1729,7,46,2021-09-14 08:42:21.933,29
1631608941933,95,4318,4303,11,34,2021-09-14 08:42:21.933,31
1631608941933,95,4318,3558,16,504,2021-09-14 08:42:21.933,14
1631608941933,95,4318,4311,20,184,2021-09-14 08:42:21.933,28
1631608972944,95,4318,6354,5,60,2021-09-14 08:42:52.944,34
1631608972944,95,4318,1233,8,332,2021-09-14 08:42:52.944,29
1631608972944,95,4318,4303,11,34,2021-09-14 08:42:52.944,31
1631608972944,95,4318,4307,15,6,2021-09-14 08:42:52.944,36
1631608972944,95,4318,4308,17,34,2021-09-14 08:42:52.944,14
1631608972944,95,4318,4311,20,171,2021-09-14 08:42:52.944,37
1631608972944,95,4318,1453,21,0,2021-09-14 08:42:52.944,28
1631609004433,95,4318,6354,5,167,2021-09-14 08:43:24.433,34
1631609004433,95,4318,1233,8,495,2021-09-14 08:43:24.433,29
1631609004433,95,4318,4303,11,34,2021-09-14 08:43:24.433,31
1631609004433,95,4318,4307,15,6,2021-09-14 08:43:24.433,36
1631609004433,95,4318,4308,17,34,2021-09-14 08:43:24.433,14
1631609004433,95,4318,1453,21,0,2021-09-14 08:43:24.433,37
1631609004433,95,4318,1453,21,0,2021-09-14 08:43:24.433,28
1631609035409,95,4318,6354,5,246,2021-09-14 08:43:55.409,34
1631609035409,95,4318,1906,9,0,2021-09-14 08:43:55.409,29
1631609035409,95,4318,4303,11,34,2021-09-14 08:43:55.409,31
1631609035409,95,4318,4308,17,34,2021-09-14 08:43:55.409,14
1631609035409,95,4318,1453,21,29,2021-09-14 08:43:55.409,37
1631609035409,95,4318,1453,21,149,2021-09-14 08:43:55.409,28
1631609066617,95,4318,2268,2,44,2021-09-14 08:44:26.617,38
1631609066617,95,4318,6354,5,388,2021-09-14 08:44:26.617,34
1631609066617,95,4318,1906,9,55,2021-09-14 08:44:26.617,29
1631609066617,95,4318,4303,11,34,2021-09-14 08:44:26.617,31
1631609066617,95,4318,4308,17,34,2021-09-14 08:44:26.617,14
1631609066617,95,4318,4313,22,0,2021-09-14 08:44:26.617,37
1631609066617,95,4318,4313,22,93,2021-09-14 08:44:26.617,28
1631609097785,95,4318,2268,2,44,2021-09-14 08:44:57.785,38
1631609097785,95,4318,6354,5,526,2021-09-14 08:44:57.785,34
1631609097785,95,4318,1906,9,133,2021-09-14 08:44:57.785,29
1631609097785,95,4318,4309,18,38,2021-09-14 08:44:57.785,14
1631609097785,95,4318,4313,22,0,2021-09-14 08:44:57.785,37
1631609097785,95,4318,4313,22,211,2021-09-14 08:44:57.785,28
1631609128857,95,4318,2268,2,44,2021-09-14 08:45:28.857,38
1631609128857,95,4318,6354,5,695,2021-09-14 08:45:28.857,34
1631609128857,95,4318,1909,10,3,2021-09-14 08:45:28.857,29
1631609128857,95,4318,4309,18,38,2021-09-14 08:45:28.857,14
1631609128857,95,4318,4313,22,107,2021-09-14 08:45:28.857,37
1631609128857,95,4318,4314,23,0,2021-09-14 08:45:28.857,28
1631609160878,95,4318,1703,3,46,2021-09-14 08:46:00.878,38
1631609160878,95,4318,6433,6,0,2021-09-14 08:46:00.878,34
1631609160878,95,4318,1909,10,3,2021-09-14 08:46:00.878,29
1631609160878,95,4318,4309,18,38,2021-09-14 08:46:00.878,14
1631609160878,95,4318,4313,22,194,2021-09-14 08:46:00.878,37
1631609160878,95,4318,4314,23,34,2021-09-14 08:46:00.878,28
1631609191874,95,4318,1703,3,46,2021-09-14 08:46:31.874,38
1631609191874,95,4318,6433,6,0,2021-09-14 08:46:31.874,34
1631609191874,95,4318,1909,10,21,2021-09-14 08:46:31.874,29
1631609191874,95,4318,4306,14,0,2021-09-14 08:46:31.874,39
1631609191874,95,4318,4307,15,6,2021-09-14 08:46:31.874,40
1631609191874,95,4318,4309,18,38,2021-09-14 08:46:31.874,14
1631609191874,95,4318,4313,22,194,2021-09-14 08:46:31.874,37
1631609191874,95,4318,4315,24,4,2021-09-14 08:46:31.874,28
1631609222297,95,4318,1128,4,0,2021-09-14 08:47:02.297,38
1631609222297,95,4318,6433,6,0,2021-09-14 08:47:02.297,34
1631609222297,95,4318,4303,11,0,2021-09-14 08:47:02.297,29
1631609222297,95,4318,4306,14,418,2021-09-14 08:47:02.297,39
1631609222297,95,4318,4310,19,121,2021-09-14 08:47:02.297,14
1631609222297,95,4318,4313,22,194,2021-09-14 08:47:02.297,37
1631609222297,95,4318,4315,24,2,2021-09-14 08:47:02.297,41
1631609256697,95,4318,1128,4,0,2021-09-14 08:47:36.697,38
1631609256697,95,4318,1729,7,48,2021-09-14 08:47:36.697,34
1631609256697,95,4318,4303,11,0,2021-09-14 08:47:36.697,29
1631609256697,95,4318,4307,15,0,2021-09-14 08:47:36.697,39
1631609256697,95,4318,4310,19,121,2021-09-14 08:47:36.697,14
1631609256697,95,4318,4313,22,194,2021-09-14 08:47:36.697,37
1631609256697,95,4318,4315,24,2,2021-09-14 08:47:36.697,41
1631609287695,95,4318,1128,4,160,2021-09-14 08:48:07.695,38
1631609287695,95,4318,1729,7,48,2021-09-14 08:48:07.695,34
1631609287695,95,4318,4303,11,148,2021-09-14 08:48:07.695,29
1631609287695,95,4318,4307,15,42,2021-09-14 08:48:07.695,39
1631609287695,95,4318,4310,19,360,2021-09-14 08:48:07.695,14
1631609287695,95,4318,4315,24,71,2021-09-14 08:48:07.695,41
1631609319738,95,4318,1128,4,160,2021-09-14 08:48:39.738,38
1631609319738,95,4318,1729,7,48,2021-09-14 08:48:39.738,34
1631609319738,95,4318,4303,11,290,2021-09-14 08:48:39.738,29
1631609319738,95,4318,4307,15,176,2021-09-14 08:48:39.738,39
1631609319738,95,4318,4310,19,437,2021-09-14 08:48:39.738,14
1631609319738,95,4318,4315,24,325,2021-09-14 08:48:39.738,41
1631609350700,95,4318,6354,5,20,2021-09-14 08:49:10.700,38
1631609350700,95,4318,1729,7,48,2021-09-14 08:49:10.700,34
1631609350700,95,4318,4304,12,38,2021-09-14 08:49:10.700,29
1631609350700,95,4318,3558,16,6,2021-09-14 08:49:10.700,39
1631609350700,95,4318,4311,20,15,2021-09-14 08:49:10.700,14
1631609350700,95,4318,4315,24,39,2021-09-14 08:49:10.700,42
1631609381632,95,4318,6354,5,20,2021-09-14 08:49:41.632,38
1631609381632,95,4318,1729,7,48,2021-09-14 08:49:41.632,34
1631609381632,95,4318,4304,12,202,2021-09-14 08:49:41.632,29
1631609381632,95,4318,3558,16,74,2021-09-14 08:49:41.632,39
1631609381632,95,4318,4311,20,184,2021-09-14 08:49:41.632,14
1631609381632,95,4318,4315,24,280,2021-09-14 08:49:41.632,42
1631609412758,95,4318,6354,5,221,2021-09-14 08:50:12.758,38
1631609412758,95,4318,1233,8,332,2021-09-14 08:50:12.758,34
1631609412758,95,4318,4304,12,202,2021-09-14 08:50:12.758,29
1631609412758,95,4318,3558,16,339,2021-09-14 08:50:12.758,39
1631609412758,95,4318,4311,20,326,2021-09-14 08:50:12.758,14
1631609443109,95,4318,6354,5,371,2021-09-14 08:50:43.109,38
1631609443109,95,4318,1233,8,415,2021-09-14 08:50:43.109,34
1631609443109,95,4318,4305,13,66,2021-09-14 08:50:43.109,29
1631609443109,95,4318,4308,17,0,2021-09-14 08:50:43.109,39
1631609443109,95,4318,1453,21,149,2021-09-14 08:50:43.109,14
1631609476318,95,4318,6354,5,535,2021-09-14 08:51:16.318,38
1631609476318,95,4318,1906,9,0,2021-09-14 08:51:16.318,34
1631609476318,95,4318,4305,13,66,2021-09-14 08:51:16.318,29
1631609476318,95,4318,4307,15,6,2021-09-14 08:51:16.318,43
1631609476318,95,4318,4308,17,1,2021-09-14 08:51:16.318,39
1631609476318,95,4318,4313,22,40,2021-09-14 08:51:16.318,14
1631609506685,95,4318,6354,5,678,2021-09-14 08:51:46.685,38
1631609506685,95,4318,1906,9,68,2021-09-14 08:51:46.685,34
1631609506685,95,4318,4306,14,38,2021-09-14 08:51:46.685,29
1631609506685,95,4318,4308,17,152,2021-09-14 08:51:46.685,39
1631609506685,95,4318,4313,22,64,2021-09-14 08:51:46.685,14
1631609536888,95,4318,6354,5,730,2021-09-14 08:52:16.888,38
1631609536888,95,4318,1906,9,71,2021-09-14 08:52:16.888,34
1631609536888,95,4318,4306,14,38,2021-09-14 08:52:16.888,29
1631609536888,95,4318,4309,18,0,2021-09-14 08:52:16.888,39
1631609536888,95,4318,4313,22,64,2021-09-14 08:52:16.888,14
1631609570214,95,4318,6354,5,730,2021-09-14 08:52:50.214,38
1631609570214,95,4318,1909,10,0,2021-09-14 08:52:50.214,34
1631609570214,95,4318,4306,14,38,2021-09-14 08:52:50.214,29
1631609570214,95,4318,4309,18,144,2021-09-14 08:52:50.214,39
1631609570214,95,4318,4313,22,64,2021-09-14 08:52:50.214,14
1631609600693,95,4318,6354,5,730,2021-09-14 08:53:20.693,38
1631609600693,95,4318,1909,10,0,2021-09-14 08:53:20.693,34
1631609600693,95,4318,4306,14,38,2021-09-14 08:53:20.693,29
1631609600693,95,4318,4307,15,6,2021-09-14 08:53:20.693,44
1631609600693,95,4318,4309,18,144,2021-09-14 08:53:20.693,39
1631609600693,95,4318,4313,22,64,2021-09-14 08:53:20.693,14
1631609630785,95,4318,6354,5,730,2021-09-14 08:53:50.785,38
1631609630785,95,4318,1909,10,170,2021-09-14 08:53:50.785,34
1631609630785,95,4318,4307,15,38,2021-09-14 08:53:50.785,44
1631609630785,95,4318,4309,18,144,2021-09-14 08:53:50.785,39
1631609660893,95,4318,1128,4,0,2021-09-14 08:54:20.893,45
1631609660893,95,4318,1729,7,46,2021-09-14 08:54:20.893,46
1631609660893,95,4318,1909,10,170,2021-09-14 08:54:20.893,34
1631609660893,95,4318,4307,15,38,2021-09-14 08:54:20.893,44
1631609660893,95,4318,4309,18,144,2021-09-14 08:54:20.893,39
1631609692824,95,4318,1128,4,70,2021-09-14 08:54:52.824,45
1631609692824,95,4318,1729,7,46,2021-09-14 08:54:52.824,46
1631609692824,95,4318,4303,11,6,2021-09-14 08:54:52.824,34
1631609692824,95,4318,3558,16,4,2021-09-14 08:54:52.824,44
1631609726928,95,4318,6354,5,0,2021-09-14 08:55:26.928,45
1631609726928,95,4318,1729,7,46,2021-09-14 08:55:26.928,46
1631609726928,95,4318,4303,11,15,2021-09-14 08:55:26.928,34
1631609726928,95,4318,3558,16,4,2021-09-14 08:55:26.928,44
1631609759207,95,4318,6354,5,112,2021-09-14 08:55:59.207,45
1631609759207,95,4318,1233,8,34,2021-09-14 08:55:59.207,46
1631609759207,95,4318,4303,11,15,2021-09-14 08:55:59.207,34
1631609759207,95,4318,3558,16,4,2021-09-14 08:55:59.207,44
1631609789600,95,4318,6354,5,168,2021-09-14 08:56:29.600,45
1631609789600,95,4318,1233,8,280,2021-09-14 08:56:29.600,46
1631609789600,95,4318,4303,11,55,2021-09-14 08:56:29.600,34
1631609789600,95,4318,3558,16,120,2021-09-14 08:56:29.600,44
1631609820949,95,4318,6354,5,248,2021-09-14 08:57:00.949,45
1631609820949,95,4318,1233,8,329,2021-09-14 08:57:00.949,46
1631609820949,95,4318,4303,11,55,2021-09-14 08:57:00.949,34
1631609820949,95,4318,3558,16,322,2021-09-14 08:57:00.949,44
1631609854169,95,4318,6354,5,540,2021-09-14 08:57:34.169,45
1631609854169,95,4318,1233,8,330,2021-09-14 08:57:34.169,46
1631609854169,95,4318,4303,11,55,2021-09-14 08:57:34.169,34
1631609854169,95,4318,4308,17,0,2021-09-14 08:57:34.169,44
1631609884141,95,4318,6354,5,682,2021-09-14 08:58:04.141,45
1631609884141,95,4318,1233,8,444,2021-09-14 08:58:04.141,46
1631609884141,95,4318,4303,11,55,2021-09-14 08:58:04.141,34
1631609884141,95,4318,4308,17,116,2021-09-14 08:58:04.141,44
1631609884141,95,4318,4313,22,40,2021-09-14 08:58:04.141,47
1631609915244,95,4318,6354,5,774,2021-09-14 08:58:35.244,45
1631609915244,95,4318,1906,9,0,2021-09-14 08:58:35.244,46
1631609915244,95,4318,4303,11,55,2021-09-14 08:58:35.244,34
1631609915244,95,4318,4307,15,6,2021-09-14 08:58:35.244,48
1631609915244,95,4318,4309,18,0,2021-09-14 08:58:35.244,44
1631609915244,95,4318,4313,22,110,2021-09-14 08:58:35.244,47
1631609945429,95,4318,1703,3,0,2021-09-14 08:59:05.429,49
1631609945429,95,4318,6433,6,0,2021-09-14 08:59:05.429,45
1631609945429,95,4318,1906,9,70,2021-09-14 08:59:05.429,46
1631609945429,95,4318,4307,15,6,2021-09-14 08:59:05.429,48
1631609945429,95,4318,4309,18,10,2021-09-14 08:59:05.429,44
1631609945429,95,4318,4313,22,409,2021-09-14 08:59:05.429,47
1631609976915,95,4318,1703,3,14,2021-09-14 08:59:36.915,49
1631609976915,95,4318,6433,6,40,2021-09-14 08:59:36.915,45
1631609976915,95,4318,1906,9,70,2021-09-14 08:59:36.915,46
1631609976915,95,4318,4307,15,6,2021-09-14 08:59:36.915,48
1631609976915,95,4318,4309,18,10,2021-09-14 08:59:36.915,44
1631609976915,95,4318,4314,23,78,2021-09-14 08:59:36.915,47
1631610007787,95,4318,1128,4,0,2021-09-14 09:00:07.787,49
1631610007787,95,4318,1729,7,46,2021-09-14 09:00:07.787,45
1631610007787,95,4318,1906,9,211,2021-09-14 09:00:07.787,46
1631610007787,95,4318,4305,13,271,2021-09-14 09:00:07.787,50
1631610007787,95,4318,4309,18,337,2021-09-14 09:00:07.787,44
1631610007787,95,4318,4315,24,0,2021-09-14 09:00:07.787,47
1631610038795,95,4318,1128,4,0,2021-09-14 09:00:38.795,49
1631610038795,95,4318,1729,7,129,2021-09-14 09:00:38.795,45
1631610038795,95,4318,1909,10,0,2021-09-14 09:00:38.795,46
1631610038795,95,4318,4305,13,304,2021-09-14 09:00:38.795,50
1631610038795,95,4318,4310,19,0,2021-09-14 09:00:38.795,44
1631610038795,95,4318,4315,24,0,2021-09-14 09:00:38.795,47
1631610068763,95,4318,2268,2,44,2021-09-14 09:01:08.763,51
1631610068763,95,4318,1128,4,225,2021-09-14 09:01:08.763,49
1631610068763,95,4318,1729,7,169,2021-09-14 09:01:08.763,45
1631610068763,95,4318,1909,10,38,2021-09-14 09:01:08.763,46
1631610068763,95,4318,4306,14,38,2021-09-14 09:01:08.763,50
1631610068763,95,4318,4307,15,6,2021-09-14 09:01:08.763,52
1631610068763,95,4318,4310,19,115,2021-09-14 09:01:08.763,44
1631610068763,95,4318,4315,24,0,2021-09-14 09:01:08.763,47
1631610100247,95,4318,2268,2,158,2021-09-14 09:01:40.247,51
1631610100247,95,4318,6354,5,0,2021-09-14 09:01:40.247,49
1631610100247,95,4318,1729,7,169,2021-09-14 09:01:40.247,45
1631610100247,95,4318,1909,10,38,2021-09-14 09:01:40.247,46
1631610100247,95,4318,4306,14,194,2021-09-14 09:01:40.247,50
1631610100247,95,4318,4310,19,125,2021-09-14 09:01:40.247,44
1631610100247,95,4318,4315,24,110,2021-09-14 09:01:40.247,47
1631610131151,95,4318,1703,3,46,2021-09-14 09:02:11.151,51
1631610131151,95,4318,6354,5,47,2021-09-14 09:02:11.151,49
1631610131151,95,4318,1729,7,169,2021-09-14 09:02:11.151,45
1631610131151,95,4318,1909,10,38,2021-09-14 09:02:11.151,46
1631610131151,95,4318,4307,15,0,2021-09-14 09:02:11.151,50
1631610131151,95,4318,4310,19,125,2021-09-14 09:02:11.151,44
1631610163263,95,4318,1703,3,46,2021-09-14 09:02:43.263,51
1631610163263,95,4318,6354,5,153,2021-09-14 09:02:43.263,49
1631610163263,95,4318,1729,7,169,2021-09-14 09:02:43.263,45
1631610163263,95,4318,1909,10,38,2021-09-14 09:02:43.263,46
1631610163263,95,4318,4307,15,11,2021-09-14 09:02:43.263,50
1631610163263,95,4318,4310,19,125,2021-09-14 09:02:43.263,44
1631610194693,95,4318,1703,3,46,2021-09-14 09:03:14.693,51
1631610194693,95,4318,6354,5,167,2021-09-14 09:03:14.693,49
1631610194693,95,4318,4307,15,25,2021-09-14 09:03:14.693,50
1631610194693,95,4318,4310,19,125,2021-09-14 09:03:14.693,44
1631610225584,95,4318,1703,3,46,2021-09-14 09:03:45.584,51
1631610225584,95,4318,6354,5,213,2021-09-14 09:03:45.584,49
1631610225584,95,4318,1906,9,40,2021-09-14 09:03:45.584,53
1631610225584,95,4318,4307,15,150,2021-09-14 09:03:45.584,50
1631610225584,95,4318,4310,19,125,2021-09-14 09:03:45.584,44
1631610257261,95,4318,6354,5,341,2021-09-14 09:04:17.261,49
1631610257261,95,4318,1906,9,40,2021-09-14 09:04:17.261,53
1631610257261,95,4318,4304,12,115,2021-09-14 09:04:17.261,54
1631610257261,95,4318,4307,15,223,2021-09-14 09:04:17.261,50
1631610289723,95,4318,6354,5,607,2021-09-14 09:04:49.723,49
1631610289723,95,4318,1906,9,40,2021-09-14 09:04:49.723,53
1631610289723,95,4318,4304,12,115,2021-09-14 09:04:49.723,54
1631610289723,95,4318,3558,16,2,2021-09-14 09:04:49.723,50
1631610289723,95,4318,1453,21,106,2021-09-14 09:04:49.723,55
1631610320648,95,4318,6354,5,665,2021-09-14 09:05:20.648,49
1631610320648,95,4318,1909,10,38,2021-09-14 09:05:20.648,53
1631610320648,95,4318,4305,13,38,2021-09-14 09:05:20.648,54
1631610320648,95,4318,4307,15,6,2021-09-14 09:05:20.648,56
1631610320648,95,4318,3558,16,43,2021-09-14 09:05:20.648,50
1631610320648,95,4318,1453,21,106,2021-09-14 09:05:20.648,55
1631610352393,95,4318,6354,5,695,2021-09-14 09:05:52.393,49
1631610352393,95,4318,6433,6,40,2021-09-14 09:05:52.393,57
1631610352393,95,4318,1909,10,343,2021-09-14 09:05:52.393,53
1631610352393,95,4318,4306,14,1,2021-09-14 09:05:52.393,54
1631610352393,95,4318,4307,15,6,2021-09-14 09:05:52.393,56
1631610352393,95,4318,3558,16,43,2021-09-14 09:05:52.393,50
1631610352393,95,4318,4313,22,86,2021-09-14 09:05:52.393,55
1631610383497,95,4318,6354,5,695,2021-09-14 09:06:23.497,49
1631610383497,95,4318,6433,6,40,2021-09-14 09:06:23.497,57
1631610383497,95,4318,4303,11,79,2021-09-14 09:06:23.497,53
1631610383497,95,4318,4306,14,1,2021-09-14 09:06:23.497,54
1631610383497,95,4318,3558,16,43,2021-09-14 09:06:23.497,50
1631610383497,95,4318,4313,22,86,2021-09-14 09:06:23.497,55
1631610415168,95,4318,6354,5,695,2021-09-14 09:06:55.168,49
1631610415168,95,4318,6433,6,40,2021-09-14 09:06:55.168,57
1631610415168,95,4318,4303,11,256,2021-09-14 09:06:55.168,53
1631610415168,95,4318,4306,14,116,2021-09-14 09:06:55.168,54
1631610415168,95,4318,3558,16,43,2021-09-14 09:06:55.168,50
1631610415168,95,4318,4314,23,139,2021-09-14 09:06:55.168,55
1631610448039,95,4318,6433,6,7,2021-09-14 09:07:28.039,49
1631610448039,95,4318,6433,6,40,2021-09-14 09:07:28.039,57
1631610448039,95,4318,4303,11,314,2021-09-14 09:07:28.039,53
1631610448039,95,4318,4306,14,455,2021-09-14 09:07:28.039,54
1631610448039,95,4318,3558,16,43,2021-09-14 09:07:28.039,50
1631610448039,95,4318,4314,23,256,2021-09-14 09:07:28.039,55
1631610478349,95,4318,6433,6,8,2021-09-14 09:07:58.349,49
1631610478349,95,4318,4304,12,2,2021-09-14 09:07:58.349,53
1631610478349,95,4318,4306,14,461,2021-09-14 09:07:58.349,54
1631610478349,95,4318,4315,24,0,2021-09-14 09:07:58.349,55
1631610509070,95,4318,6433,6,100,2021-09-14 09:08:29.070,49
1631610509070,95,4318,4304,12,277,2021-09-14 09:08:29.070,53
1631610509070,95,4318,4307,15,6,2021-09-14 09:08:29.070,54
1631610509070,95,4318,4307,15,6,2021-09-14 09:08:29.070,58
1631610509070,95,4318,4315,24,44,2021-09-14 09:08:29.070,55
1631610541124,95,4318,1729,7,46,2021-09-14 09:09:01.124,49
1631610541124,95,4318,4305,13,0,2021-09-14 09:09:01.124,53
1631610541124,95,4318,4307,15,38,2021-09-14 09:09:01.124,58
1631610541124,95,4318,4315,24,299,2021-09-14 09:09:01.124,55
1631610572971,95,4318,1729,7,198,2021-09-14 09:09:32.971,49
1631610572971,95,4318,4305,13,150,2021-09-14 09:09:32.971,53
1631610572971,95,4318,4307,15,6,2021-09-14 09:09:32.971,59
1631610572971,95,4318,4307,15,197,2021-09-14 09:09:32.971,58
1631610605635,95,4318,6354,5,0,2021-09-14 09:10:05.635,60
1631610605635,95,4318,1729,7,198,2021-09-14 09:10:05.635,49
1631610605635,95,4318,4305,13,253,2021-09-14 09:10:05.635,53
1631610605635,95,4318,4307,15,197,2021-09-14 09:10:05.635,58
1631610637439,95,4318,6354,5,0,2021-09-14 09:10:37.439,60
1631610637439,95,4318,1729,7,198,2021-09-14 09:10:37.439,49
1631610637439,95,4318,4306,14,0,2021-09-14 09:10:37.439,53
1631610637439,95,4318,3558,16,42,2021-09-14 09:10:37.439,58
1631610637439,95,4318,4310,19,40,2021-09-14 09:10:37.439,61
1631610667683,95,4318,6354,5,37,2021-09-14 09:11:07.683,60
1631610667683,95,4318,1729,7,198,2021-09-14 09:11:07.683,49
1631610667683,95,4318,4306,14,177,2021-09-14 09:11:07.683,53
1631610667683,95,4318,3558,16,42,2021-09-14 09:11:07.683,58
1631610667683,95,4318,4310,19,316,2021-09-14 09:11:07.683,61
1631610700972,95,4318,6354,5,37,2021-09-14 09:11:40.972,60
1631610700972,95,4318,1729,7,198,2021-09-14 09:11:40.972,49
1631610700972,95,4318,4306,14,177,2021-09-14 09:11:40.972,53
1631610700972,95,4318,4307,15,6,2021-09-14 09:11:40.972,62
1631610700972,95,4318,3558,16,42,2021-09-14 09:11:40.972,58
1631610700972,95,4318,4310,19,452,2021-09-14 09:11:40.972,61
1631610731185,95,4318,6354,5,182,2021-09-14 09:12:11.185,60
1631610731185,95,4318,1909,10,315,2021-09-14 09:12:11.185,63
1631610731185,95,4318,4307,15,38,2021-09-14 09:12:11.185,53
1631610731185,95,4318,3558,16,42,2021-09-14 09:12:11.185,58
1631610731185,95,4318,4311,20,0,2021-09-14 09:12:11.185,61
1631610763334,95,4318,6354,5,448,2021-09-14 09:12:43.334,60
1631610763334,95,4318,1906,9,134,2021-09-14 09:12:43.334,64
1631610763334,95,4318,4303,11,2,2021-09-14 09:12:43.334,63
1631610763334,95,4318,4307,15,38,2021-09-14 09:12:43.334,53
1631610763334,95,4318,3558,16,42,2021-09-14 09:12:43.334,58
1631610763334,95,4318,4311,20,40,2021-09-14 09:12:43.334,61
1631610795284,95,4318,6354,5,570,2021-09-14 09:13:15.284,60
1631610795284,95,4318,1909,10,2,2021-09-14 09:13:15.284,64
1631610795284,95,4318,4303,11,116,2021-09-14 09:13:15.284,63
1631610795284,95,4318,4307,15,6,2021-09-14 09:13:15.284,65
1631610795284,95,4318,4307,15,38,2021-09-14 09:13:15.284,53
1631610795284,95,4318,4308,17,277,2021-09-14 09:13:15.284,58
1631610795284,95,4318,4311,20,188,2021-09-14 09:13:15.284,61
1631610825904,95,4318,6354,5,642,2021-09-14 09:13:45.904,60
1631610825904,95,4318,1909,10,165,2021-09-14 09:13:45.904,64
1631610825904,95,4318,4304,12,0,2021-09-14 09:13:45.904,63
1631610825904,95,4318,4307,15,6,2021-09-14 09:13:45.904,65
1631610825904,95,4318,3558,16,42,2021-09-14 09:13:45.904,53
1631610825904,95,4318,4309,18,82,2021-09-14 09:13:45.904,58
1631610825904,95,4318,4311,20,302,2021-09-14 09:13:45.904,61
1631610858670,95,4318,6354,5,697,2021-09-14 09:14:18.670,60
1631610858670,95,4318,1909,10,359,2021-09-14 09:14:18.670,64
1631610858670,95,4318,4304,12,0,2021-09-14 09:14:18.670,63
1631610858670,95,4318,4307,15,6,2021-09-14 09:14:18.670,65
1631610858670,95,4318,3558,16,42,2021-09-14 09:14:18.670,53
1631610858670,95,4318,4309,18,263,2021-09-14 09:14:18.670,58
1631610858670,95,4318,1453,21,38,2021-09-14 09:14:18.670,61
1631610889083,95,4318,6433,6,0,2021-09-14 09:14:49.083,60
1631610889083,95,4318,4303,11,7,2021-09-14 09:14:49.083,64
1631610889083,95,4318,4304,12,202,2021-09-14 09:14:49.083,63
1631610889083,95,4318,3558,16,42,2021-09-14 09:14:49.083,53
1631610889083,95,4318,4310,19,0,2021-09-14 09:14:49.083,58
1631610889083,95,4318,4313,22,0,2021-09-14 09:14:49.083,61
1631610920418,95,4318,2268,2,44,2021-09-14 09:15:20.418,66
1631610920418,95,4318,6433,6,0,2021-09-14 09:15:20.418,60
1631610920418,95,4318,4303,11,7,2021-09-14 09:15:20.418,64
1631610920418,95,4318,4304,12,202,2021-09-14 09:15:20.418,63
1631610920418,95,4318,3558,16,42,2021-09-14 09:15:20.418,53
1631610920418,95,4318,4310,19,57,2021-09-14 09:15:20.418,58
1631610920418,95,4318,4313,22,34,2021-09-14 09:15:20.418,61
1631610952675,95,4318,1703,3,17,2021-09-14 09:15:52.675,66
1631610952675,95,4318,6433,6,0,2021-09-14 09:15:52.675,60
1631610952675,95,4318,4303,11,9,2021-09-14 09:15:52.675,64
1631610952675,95,4318,4305,13,0,2021-09-14 09:15:52.675,63
1631610952675,95,4318,4308,17,34,2021-09-14 09:15:52.675,53
1631610952675,95,4318,4310,19,447,2021-09-14 09:15:52.675,58
1631610952675,95,4318,4313,22,161,2021-09-14 09:15:52.675,61
1631610983600,95,4318,1703,3,110,2021-09-14 09:16:23.600,66
1631610983600,95,4318,1729,7,46,2021-09-14 09:16:23.600,60
1631610983600,95,4318,4303,11,102,2021-09-14 09:16:23.600,64
1631610983600,95,4318,4305,13,125,2021-09-14 09:16:23.600,63
1631610983600,95,4318,4308,17,34,2021-09-14 09:16:23.600,53
1631610983600,95,4318,4311,20,2,2021-09-14 09:16:23.600,58
1631610983600,95,4318,4313,22,161,2021-09-14 09:16:23.600,61
1631611016574,95,4318,1703,3,110,2021-09-14 09:16:56.574,66
1631611016574,95,4318,1729,7,46,2021-09-14 09:16:56.574,60
1631611016574,95,4318,4303,11,275,2021-09-14 09:16:56.574,64
1631611016574,95,4318,4305,13,241,2021-09-14 09:16:56.574,63
1631611016574,95,4318,4309,18,38,2021-09-14 09:16:56.574,53
1631611016574,95,4318,4311,20,34,2021-09-14 09:16:56.574,58
1631611016574,95,4318,4314,23,34,2021-09-14 09:16:56.574,61
1631611047295,95,4318,1128,4,0,2021-09-14 09:17:27.295,66
1631611047295,95,4318,1233,8,69,2021-09-14 09:17:27.295,60
1631611047295,95,4318,4303,11,307,2021-09-14 09:17:27.295,64
1631611047295,95,4318,4306,14,38,2021-09-14 09:17:27.295,63
1631611047295,95,4318,4309,18,250,2021-09-14 09:17:27.295,53
1631611047295,95,4318,1453,21,0,2021-09-14 09:17:27.295,58
1631611047295,95,4318,4314,23,34,2021-09-14 09:17:27.295,61
1631611079859,95,4318,1128,4,48,2021-09-14 09:17:59.859,66
1631611079859,95,4318,1233,8,69,2021-09-14 09:17:59.859,60
1631611079859,95,4318,4303,11,307,2021-09-14 09:17:59.859,64
1631611079859,95,4318,4306,14,38,2021-09-14 09:17:59.859,63
1631611079859,95,4318,4309,18,384,2021-09-14 09:17:59.859,53
1631611079859,95,4318,1453,21,38,2021-09-14 09:17:59.859,58
1631611079859,95,4318,4314,23,34,2021-09-14 09:17:59.859,61
1631611112627,95,4318,1128,4,155,2021-09-14 09:18:32.627,66
1631611112627,95,4318,1233,8,69,2021-09-14 09:18:32.627,60
1631611112627,95,4318,4303,11,307,2021-09-14 09:18:32.627,64
1631611112627,95,4318,4306,14,38,2021-09-14 09:18:32.627,63
1631611112627,95,4318,4307,15,6,2021-09-14 09:18:32.627,67
1631611112627,95,4318,4310,19,0,2021-09-14 09:18:32.627,53
1631611112627,95,4318,1453,21,38,2021-09-14 09:18:32.627,58
1631611112627,95,4318,4314,23,34,2021-09-14 09:18:32.627,61
1631611144269,95,4318,6354,5,36,2021-09-14 09:19:04.269,66
1631611144269,95,4318,1233,8,436,2021-09-14 09:19:04.269,60
1631611144269,95,4318,4305,13,38,2021-09-14 09:19:04.269,68
1631611144269,95,4318,4306,14,38,2021-09-14 09:19:04.269,63
1631611144269,95,4318,4310,19,7,2021-09-14 09:19:04.269,53
1631611144269,95,4318,4313,22,63,2021-09-14 09:19:04.269,58
1631611176119,95,4318,6354,5,36,2021-09-14 09:19:36.119,66
1631611176119,95,4318,1233,8,436,2021-09-14 09:19:36.119,60
1631611176119,95,4318,4305,13,38,2021-09-14 09:19:36.119,68
1631611176119,95,4318,4306,14,38,2021-09-14 09:19:36.119,63
1631611176119,95,4318,4310,19,118,2021-09-14 09:19:36.119,53
1631611176119,95,4318,4313,22,63,2021-09-14 09:19:36.119,58
1631611206939,95,4318,2268,2,0,2021-09-14 09:20:06.939,69
1631611206939,95,4318,6354,5,36,2021-09-14 09:20:06.939,66
1631611206939,95,4318,1906,9,200,2021-09-14 09:20:06.939,60
1631611206939,95,4318,4305,13,38,2021-09-14 09:20:06.939,68
1631611206939,95,4318,4310,19,227,2021-09-14 09:20:06.939,53
1631611206939,95,4318,4313,22,63,2021-09-14 09:20:06.939,58
1631611239094,95,4318,2268,2,88,2021-09-14 09:20:39.094,69
1631611239094,95,4318,6354,5,36,2021-09-14 09:20:39.094,66
1631611239094,95,4318,1909,10,1,2021-09-14 09:20:39.094,60
1631611239094,95,4318,4305,13,38,2021-09-14 09:20:39.094,68
1631611239094,95,4318,4310,19,385,2021-09-14 09:20:39.094,53
1631611239094,95,4318,4313,22,63,2021-09-14 09:20:39.094,58
1631611270224,95,4318,1703,3,109,2021-09-14 09:21:10.224,69
1631611270224,95,4318,6354,5,36,2021-09-14 09:21:10.224,66
1631611270224,95,4318,1909,10,183,2021-09-14 09:21:10.224,60
1631611270224,95,4318,4306,14,86,2021-09-14 09:21:10.224,68
1631611270224,95,4318,4310,19,503,2021-09-14 09:21:10.224,53
1631611302993,95,4318,1128,4,0,2021-09-14 09:21:42.993,69
1631611302993,95,4318,6354,5,36,2021-09-14 09:21:42.993,66
1631611302993,95,4318,4303,11,6,2021-09-14 09:21:42.993,60
1631611302993,95,4318,4306,14,412,2021-09-14 09:21:42.993,68
1631611302993,95,4318,4311,20,51,2021-09-14 09:21:42.993,53
1631611334227,95,4318,1128,4,0,2021-09-14 09:22:14.227,69
1631611334227,95,4318,4303,11,66,2021-09-14 09:22:14.227,60
1631611334227,95,4318,4307,15,17,2021-09-14 09:22:14.227,68
1631611334227,95,4318,3558,16,85,2021-09-14 09:22:14.227,70
1631611334227,95,4318,4311,20,227,2021-09-14 09:22:14.227,53
1631611367813,95,4318,1128,4,74,2021-09-14 09:22:47.813,69
1631611367813,95,4318,6354,5,790,2021-09-14 09:22:47.813,71
1631611367813,95,4318,4303,11,220,2021-09-14 09:22:47.813,60
1631611367813,95,4318,4307,15,21,2021-09-14 09:22:47.813,68
1631611367813,95,4318,3558,16,191,2021-09-14 09:22:47.813,70
1631611367813,95,4318,1453,21,38,2021-09-14 09:22:47.813,53
1631611367813,95,4318,4315,24,311,2021-09-14 09:22:47.813,72
1631611399456,95,4318,1128,4,116,2021-09-14 09:23:19.456,69
1631611399456,95,4318,6433,6,9,2021-09-14 09:23:19.456,71
1631611399456,95,4318,4304,12,0,2021-09-14 09:23:19.456,60
1631611399456,95,4318,4307,15,132,2021-09-14 09:23:19.456,68
1631611399456,95,4318,3558,16,382,2021-09-14 09:23:19.456,70
1631611399456,95,4318,4313,22,34,2021-09-14 09:23:19.456,53
1631611429562,95,4318,1128,4,116,2021-09-14 09:23:49.562,69
1631611429562,95,4318,1729,7,19,2021-09-14 09:23:49.562,71
1631611429562,95,4318,4304,12,111,2021-09-14 09:23:49.562,60
1631611429562,95,4318,3558,16,8,2021-09-14 09:23:49.562,68
1631611429562,95,4318,4308,17,0,2021-09-14 09:23:49.562,70
1631611429562,95,4318,4313,22,34,2021-09-14 09:23:49.562,53
1631611460999,95,4318,6354,5,36,2021-09-14 09:24:20.999,69
1631611460999,95,4318,1729,7,186,2021-09-14 09:24:20.999,71
1631611460999,95,4318,4305,13,38,2021-09-14 09:24:20.999,60
1631611460999,95,4318,3558,16,57,2021-09-14 09:24:20.999,68
1631611460999,95,4318,4308,17,237,2021-09-14 09:24:20.999,70
1631611460999,95,4318,4313,22,34,2021-09-14 09:24:20.999,53
1631611491106,95,4318,6354,5,161,2021-09-14 09:24:51.106,69
1631611491106,95,4318,1233,8,0,2021-09-14 09:24:51.106,71
1631611491106,95,4318,4305,13,38,2021-09-14 09:24:51.106,60
1631611491106,95,4318,3558,16,57,2021-09-14 09:24:51.106,68
1631611491106,95,4318,4309,18,0,2021-09-14 09:24:51.106,70
1631611491106,95,4318,4313,22,34,2021-09-14 09:24:51.106,53
1631611522338,95,4318,6354,5,285,2021-09-14 09:25:22.338,69
1631611522338,95,4318,1233,8,56,2021-09-14 09:25:22.338,71
1631611522338,95,4318,4305,13,38,2021-09-14 09:25:22.338,60
1631611522338,95,4318,4307,15,6,2021-09-14 09:25:22.338,73
1631611522338,95,4318,3558,16,137,2021-09-14 09:25:22.338,68
1631611522338,95,4318,4309,18,218,2021-09-14 09:25:22.338,70
1631611522338,95,4318,4313,22,34,2021-09-14 09:25:22.338,53
1631611555004,95,4318,6354,5,285,2021-09-14 09:25:55.004,69
1631611555004,95,4318,1233,8,56,2021-09-14 09:25:55.004,71
1631611555004,95,4318,4305,13,38,2021-09-14 09:25:55.004,60
1631611555004,95,4318,3558,16,137,2021-09-14 09:25:55.004,68
1631611555004,95,4318,4309,18,391,2021-09-14 09:25:55.004,70
1631611587977,95,4318,2268,2,113,2021-09-14 09:26:27.977,74
1631611587977,95,4318,6354,5,285,2021-09-14 09:26:27.977,69
1631611587977,95,4318,1233,8,325,2021-09-14 09:26:27.977,71
1631611587977,95,4318,4305,13,38,2021-09-14 09:26:27.977,60
1631611587977,95,4318,4308,17,34,2021-09-14 09:26:27.977,68
1631611587977,95,4318,4310,19,61,2021-09-14 09:26:27.977,70
1631611620030,95,4318,1703,3,0,2021-09-14 09:27:00.030,74
1631611620030,95,4318,6354,5,285,2021-09-14 09:27:00.030,69
1631611620030,95,4318,1233,8,420,2021-09-14 09:27:00.030,71
1631611620030,95,4318,4307,15,6,2021-09-14 09:27:00.030,75
1631611620030,95,4318,4308,17,34,2021-09-14 09:27:00.030,68
1631611620030,95,4318,4310,19,268,2021-09-14 09:27:00.030,70
1631611620030,95,4318,4315,24,42,2021-09-14 09:27:00.030,76
1631611651978,95,4318,1703,3,46,2021-09-14 09:27:31.978,74
1631611651978,95,4318,6354,5,285,2021-09-14 09:27:31.978,69
1631611651978,95,4318,1906,9,40,2021-09-14 09:27:31.978,71
1631611651978,95,4318,4308,17,34,2021-09-14 09:27:31.978,68
1631611651978,95,4318,4310,19,436,2021-09-14 09:27:31.978,70
1631611651978,95,4318,4318,25,0,2021-09-14 09:27:31.978,76
1631611683621,95,4318,1703,3,132,2021-09-14 09:28:03.621,74
1631611683621,95,4318,1909,10,42,2021-09-14 09:28:03.621,71
1631611683621,95,4318,4306,14,454,2021-09-14 09:28:03.621,77
1631611683621,95,4318,4308,17,34,2021-09-14 09:28:03.621,68
1631611683621,95,4318,4311,20,40,2021-09-14 09:28:03.621,70
1631611715981,95,4318,1128,4,0,2021-09-14 09:28:35.981,74
1631611715981,95,4318,1909,10,42,2021-09-14 09:28:35.981,71
1631611715981,95,4318,4307,15,6,2021-09-14 09:28:35.981,77
1631611715981,95,4318,4307,15,10,2021-09-14 09:28:35.981,78
1631611715981,95,4318,4310,19,0,2021-09-14 09:28:35.981,79
1631611715981,95,4318,4311,20,58,2021-09-14 09:28:35.981,70
1631611746906,95,4318,1128,4,110,2021-09-14 09:29:06.906,74
1631611746906,95,4318,6433,6,96,2021-09-14 09:29:06.906,80
1631611746906,95,4318,1909,10,42,2021-09-14 09:29:06.906,71
1631611746906,95,4318,4307,15,10,2021-09-14 09:29:06.906,78
1631611746906,95,4318,4310,19,0,2021-09-14 09:29:06.906,79
1631611746906,95,4318,4311,20,58,2021-09-14 09:29:06.906,70
1631611778344,95,4318,1128,4,194,2021-09-14 09:29:38.344,74
1631611778344,95,4318,6433,6,96,2021-09-14 09:29:38.344,80
1631611778344,95,4318,4303,11,91,2021-09-14 09:29:38.344,71
1631611778344,95,4318,4307,15,91,2021-09-14 09:29:38.344,78
1631611778344,95,4318,4310,19,118,2021-09-14 09:29:38.344,79
1631611778344,95,4318,4311,20,58,2021-09-14 09:29:38.344,70
1631611808450,95,4318,1128,4,194,2021-09-14 09:30:08.450,74
1631611808450,95,4318,1729,7,96,2021-09-14 09:30:08.450,80
1631611808450,95,4318,4303,11,91,2021-09-14 09:30:08.450,71
1631611808450,95,4318,3558,16,4,2021-09-14 09:30:08.450,78
1631611808450,95,4318,4310,19,118,2021-09-14 09:30:08.450,79
1631611808450,95,4318,4311,20,58,2021-09-14 09:30:08.450,70
1631611841833,95,4318,6354,5,52,2021-09-14 09:30:41.833,74
1631611841833,95,4318,1233,8,0,2021-09-14 09:30:41.833,80
1631611841833,95,4318,4304,12,38,2021-09-14 09:30:41.833,71
1631611841833,95,4318,3558,16,42,2021-09-14 09:30:41.833,78
1631611841833,95,4318,4310,19,306,2021-09-14 09:30:41.833,79
1631611841833,95,4318,4311,20,58,2021-09-14 09:30:41.833,70
1631611874792,95,4318,6354,5,52,2021-09-14 09:31:14.792,74
1631611874792,95,4318,1233,8,0,2021-09-14 09:31:14.792,80
1631611874792,95,4318,4305,13,0,2021-09-14 09:31:14.792,71
1631611874792,95,4318,3558,16,75,2021-09-14 09:31:14.792,78
1631611874792,95,4318,4310,19,306,2021-09-14 09:31:14.792,79
1631611905937,95,4318,6354,5,52,2021-09-14 09:31:45.937,74
1631611905937,95,4318,1233,8,246,2021-09-14 09:31:45.937,80
1631611905937,95,4318,4305,13,194,2021-09-14 09:31:45.937,71
1631611905937,95,4318,3558,16,303,2021-09-14 09:31:45.937,78
1631611905937,95,4318,4311,20,0,2021-09-14 09:31:45.937,79
1631611905937,95,4318,4314,23,38,2021-09-14 09:31:45.937,81
1631611936556,95,4318,6354,5,52,2021-09-14 09:32:16.556,74
1631611936556,95,4318,1233,8,374,2021-09-14 09:32:16.556,80
1631611936556,95,4318,4305,13,276,2021-09-14 09:32:16.556,71
1631611936556,95,4318,3558,16,303,2021-09-14 09:32:16.556,78
1631611936556,95,4318,4311,20,40,2021-09-14 09:32:16.556,79
1631611936556,95,4318,4314,23,38,2021-09-14 09:32:16.556,81
1631611966771,95,4318,6354,5,52,2021-09-14 09:32:46.771,74
1631611966771,95,4318,1906,9,0,2021-09-14 09:32:46.771,80
1631611966771,95,4318,4305,13,276,2021-09-14 09:32:46.771,71
1631611966771,95,4318,3558,16,303,2021-09-14 09:32:46.771,78
1631611966771,95,4318,4311,20,81,2021-09-14 09:32:46.771,79
1631611966771,95,4318,4314,23,38,2021-09-14 09:32:46.771,81
1631611996919,95,4318,6354,5,669,2021-09-14 09:33:16.919,74
1631611996919,95,4318,1906,9,0,2021-09-14 09:33:16.919,80
1631611996919,95,4318,4305,13,276,2021-09-14 09:33:16.919,71
1631611996919,95,4318,4308,17,66,2021-09-14 09:33:16.919,78
1631611996919,95,4318,4311,20,81,2021-09-14 09:33:16.919,79
1631611996919,95,4318,4314,23,38,2021-09-14 09:33:16.919,81
1631612027693,95,4318,1128,4,90,2021-09-14 09:33:47.693,82
1631612027693,95,4318,6354,5,693,2021-09-14 09:33:47.693,74
1631612027693,95,4318,1906,9,257,2021-09-14 09:33:47.693,80
1631612027693,95,4318,4306,14,0,2021-09-14 09:33:47.693,71
1631612027693,95,4318,4307,15,6,2021-09-14 09:33:47.693,83
1631612027693,95,4318,4308,17,66,2021-09-14 09:33:47.693,78
1631612027693,95,4318,4311,20,81,2021-09-14 09:33:47.693,79
1631612027693,95,4318,4315,24,18,2021-09-14 09:33:47.693,81
1631612060564,95,4318,1128,4,149,2021-09-14 09:34:20.564,82
1631612060564,95,4318,6354,5,693,2021-09-14 09:34:20.564,74
1631612060564,95,4318,1909,10,0,2021-09-14 09:34:20.564,80
1631612060564,95,4318,4306,14,11,2021-09-14 09:34:20.564,71
1631612060564,95,4318,4307,15,6,2021-09-14 09:34:20.564,83
1631612060564,95,4318,4308,17,66,2021-09-14 09:34:20.564,78
1631612060564,95,4318,4311,20,81,2021-09-14 09:34:20.564,79
1631612060564,95,4318,4318,25,0,2021-09-14 09:34:20.564,81
1631612090676,95,4318,6354,5,0,2021-09-14 09:34:50.676,84
1631612090676,95,4318,6354,5,693,2021-09-14 09:34:50.676,74
1631612090676,95,4318,1909,10,55,2021-09-14 09:34:50.676,80
1631612090676,95,4318,4306,14,188,2021-09-14 09:34:50.676,71
1631612090676,95,4318,4308,17,66,2021-09-14 09:34:50.676,78
1631612123337,95,4318,6354,5,134,2021-09-14 09:35:23.337,84
1631612123337,95,4318,6354,5,693,2021-09-14 09:35:23.337,74
1631612123337,95,4318,1909,10,210,2021-09-14 09:35:23.337,80
1631612123337,95,4318,4306,14,462,2021-09-14 09:35:23.337,71
1631612123337,95,4318,4308,17,66,2021-09-14 09:35:23.337,78
1631612123337,95,4318,4314,23,232,2021-09-14 09:35:23.337,85
1631612155853,95,4318,6354,5,239,2021-09-14 09:35:55.853,84
1631612155853,95,4318,6354,5,751,2021-09-14 09:35:55.853,74
1631612155853,95,4318,1909,10,367,2021-09-14 09:35:55.853,80
1631612155853,95,4318,4307,15,9,2021-09-14 09:35:55.853,71
1631612155853,95,4318,4310,19,40,2021-09-14 09:35:55.853,86
1631612155853,95,4318,4315,24,0,2021-09-14 09:35:55.853,85
1631612187543,95,4318,6354,5,486,2021-09-14 09:36:27.543,84
1631612187543,95,4318,6433,6,0,2021-09-14 09:36:27.543,74
1631612187543,95,4318,4303,11,34,2021-09-14 09:36:27.543,80
1631612187543,95,4318,4307,15,6,2021-09-14 09:36:27.543,87
1631612187543,95,4318,4307,15,12,2021-09-14 09:36:27.543,71
1631612187543,95,4318,4310,19,355,2021-09-14 09:36:27.543,86
1631612187543,95,4318,4315,24,0,2021-09-14 09:36:27.543,85
1631612220209,95,4318,6354,5,532,2021-09-14 09:37:00.209,84
1631612220209,95,4318,6433,6,40,2021-09-14 09:37:00.209,74
1631612220209,95,4318,4303,11,143,2021-09-14 09:37:00.209,80
1631612220209,95,4318,4307,15,12,2021-09-14 09:37:00.209,71
1631612220209,95,4318,4310,19,497,2021-09-14 09:37:00.209,86
1631612220209,95,4318,4315,24,4,2021-09-14 09:37:00.209,85
1631612252364,95,4318,6354,5,636,2021-09-14 09:37:32.364,84
1631612252364,95,4318,6433,6,94,2021-09-14 09:37:32.364,74
1631612252364,95,4318,4303,11,143,2021-09-14 09:37:32.364,80
1631612252364,95,4318,4307,15,6,2021-09-14 09:37:32.364,88
1631612252364,95,4318,4307,15,12,2021-09-14 09:37:32.364,71
1631612252364,95,4318,4311,20,109,2021-09-14 09:37:32.364,86
1631612252364,95,4318,4318,25,0,2021-09-14 09:37:32.364,85
1631612282982,95,4318,6354,5,700,2021-09-14 09:38:02.982,84
1631612282982,95,4318,1729,7,142,2021-09-14 09:38:02.982,74
1631612282982,95,4318,4304,12,38,2021-09-14 09:38:02.982,80
1631612282982,95,4318,3558,16,113,2021-09-14 09:38:02.982,71
1631612282982,95,4318,4311,20,251,2021-09-14 09:38:02.982,86
1631612315037,95,4318,1703,3,0,2021-09-14 09:38:35.037,89
1631612315037,95,4318,6354,5,799,2021-09-14 09:38:35.037,84
1631612315037,95,4318,1729,7,182,2021-09-14 09:38:35.037,74
1631612315037,95,4318,4304,12,167,2021-09-14 09:38:35.037,80
1631612315037,95,4318,4307,15,6,2021-09-14 09:38:35.037,90
1631612315037,95,4318,3558,16,113,2021-09-14 09:38:35.037,71
1631612315037,95,4318,1453,21,149,2021-09-14 09:38:35.037,86
1631612345921,95,4318,1703,3,20,2021-09-14 09:39:05.921,89
1631612345921,95,4318,6433,6,75,2021-09-14 09:39:05.921,84
1631612345921,95,4318,1729,7,182,2021-09-14 09:39:05.921,74
1631612345921,95,4318,4304,12,167,2021-09-14 09:39:05.921,80
1631612345921,95,4318,4308,17,34,2021-09-14 09:39:05.921,71
1631612345921,95,4318,4313,22,21,2021-09-14 09:39:05.921,86
1631612379139,95,4318,1703,3,81,2021-09-14 09:39:39.139,89
1631612379139,95,4318,6433,6,75,2021-09-14 09:39:39.139,84
1631612379139,95,4318,1729,7,182,2021-09-14 09:39:39.139,74
1631612379139,95,4318,4304,12,167,2021-09-14 09:39:39.139,80
1631612379139,95,4318,4308,17,34,2021-09-14 09:39:39.139,71
1631612379139,95,4318,4313,22,34,2021-09-14 09:39:39.139,86
1631612409244,95,4318,1128,4,0,2021-09-14 09:40:09.244,89
1631612409244,95,4318,6433,6,75,2021-09-14 09:40:09.244,84
1631612409244,95,4318,1729,7,182,2021-09-14 09:40:09.244,74
1631612409244,95,4318,4306,14,38,2021-09-14 09:40:09.244,91
1631612409244,95,4318,4309,18,38,2021-09-14 09:40:09.244,71
1631612409244,95,4318,4313,22,257,2021-09-14 09:40:09.244,86
1631612441501,95,4318,1128,4,120,2021-09-14 09:40:41.501,89
1631612441501,95,4318,6433,6,75,2021-09-14 09:40:41.501,84
1631612441501,95,4318,1729,7,182,2021-09-14 09:40:41.501,74
1631612441501,95,4318,4306,14,38,2021-09-14 09:40:41.501,91
1631612441501,95,4318,4307,15,6,2021-09-14 09:40:41.501,92
1631612441501,95,4318,4309,18,301,2021-09-14 09:40:41.501,71
1631612441501,95,4318,4314,23,52,2021-09-14 09:40:41.501,86
1631612474986,95,4318,1128,4,235,2021-09-14 09:41:14.986,89
1631612474986,95,4318,1233,8,53,2021-09-14 09:41:14.986,74
1631612474986,95,4318,1233,8,328,2021-09-14 09:41:14.986,93
1631612474986,95,4318,4306,14,38,2021-09-14 09:41:14.986,91
1631612474986,95,4318,4309,18,446,2021-09-14 09:41:14.986,71
1631612474986,95,4318,4314,23,52,2021-09-14 09:41:14.986,86
1631612505809,95,4318,1128,4,235,2021-09-14 09:41:45.809,89
1631612505809,95,4318,1233,8,53,2021-09-14 09:41:45.809,74
1631612505809,95,4318,1906,9,0,2021-09-14 09:41:45.809,93
1631612505809,95,4318,4306,14,38,2021-09-14 09:41:45.809,91
1631612505809,95,4318,4310,19,9,2021-09-14 09:41:45.809,71
1631612505809,95,4318,4314,23,52,2021-09-14 09:41:45.809,86
1631612538169,95,4318,6354,5,97,2021-09-14 09:42:18.169,89
1631612538169,95,4318,1233,8,53,2021-09-14 09:42:18.169,74
1631612538169,95,4318,1906,9,0,2021-09-14 09:42:18.169,93
1631612538169,95,4318,4306,14,38,2021-09-14 09:42:18.169,91
1631612538169,95,4318,4307,15,6,2021-09-14 09:42:18.169,94
1631612538169,95,4318,4310,19,158,2021-09-14 09:42:18.169,71
1631612538169,95,4318,4314,23,52,2021-09-14 09:42:18.169,86
1631612570836,95,4318,6354,5,171,2021-09-14 09:42:50.836,89
1631612570836,95,4318,1233,8,53,2021-09-14 09:42:50.836,74
1631612570836,95,4318,1906,9,227,2021-09-14 09:42:50.836,93
1631612570836,95,4318,4307,15,119,2021-09-14 09:42:50.836,94
1631612570836,95,4318,4310,19,496,2021-09-14 09:42:50.836,71
1631612601761,95,4318,6354,5,171,2021-09-14 09:43:21.761,89
1631612601761,95,4318,1233,8,53,2021-09-14 09:43:21.761,74
1631612601761,95,4318,1909,10,0,2021-09-14 09:43:21.761,93
1631612601761,95,4318,4307,15,225,2021-09-14 09:43:21.761,94
1631612601761,95,4318,4311,20,0,2021-09-14 09:43:21.761,71
1631612633403,95,4318,6354,5,483,2021-09-14 09:43:53.403,89
1631612633403,95,4318,1909,10,38,2021-09-14 09:43:53.403,93
1631612633403,95,4318,4307,15,6,2021-09-14 09:43:53.403,95
1631612633403,95,4318,3558,16,4,2021-09-14 09:43:53.403,94
1631612633403,95,4318,4311,20,77,2021-09-14 09:43:53.403,71
1631612665357,95,4318,6354,5,483,2021-09-14 09:44:25.357,89
1631612665357,95,4318,1906,9,104,2021-09-14 09:44:25.357,96
1631612665357,95,4318,1909,10,188,2021-09-14 09:44:25.357,93
1631612665357,95,4318,3558,16,121,2021-09-14 09:44:25.357,94
1631612665357,95,4318,1453,21,0,2021-09-14 09:44:25.357,71
1631612697301,95,4318,6354,5,483,2021-09-14 09:44:57.301,89
1631612697301,95,4318,1906,9,255,2021-09-14 09:44:57.301,96
1631612697301,95,4318,1909,10,333,2021-09-14 09:44:57.301,93
1631612697301,95,4318,3558,16,283,2021-09-14 09:44:57.301,94
1631612697301,95,4318,1453,21,38,2021-09-14 09:44:57.301,71
1631612728226,95,4318,6433,6,40,2021-09-14 09:45:28.226,89
1631612728226,95,4318,1909,10,0,2021-09-14 09:45:28.226,96
1631612728226,95,4318,4303,11,3,2021-09-14 09:45:28.226,93
1631612728226,95,4318,4308,17,0,2021-09-14 09:45:28.226,94
1631612728226,95,4318,4313,22,2,2021-09-14 09:45:28.226,71
1631612759665,95,4318,6433,6,40,2021-09-14 09:45:59.665,89
1631612759665,95,4318,1909,10,0,2021-09-14 09:45:59.665,96
1631612759665,95,4318,4303,11,3,2021-09-14 09:45:59.665,93
1631612759665,95,4318,4308,17,0,2021-09-14 09:45:59.665,94
1631612759665,95,4318,4313,22,2,2021-09-14 09:45:59.665,71
1631612791510,95,4318,1703,3,46,2021-09-14 09:46:31.510,97
1631612791510,95,4318,6433,6,40,2021-09-14 09:46:31.510,89
1631612791510,95,4318,1909,10,226,2021-09-14 09:46:31.510,96
1631612791510,95,4318,4303,11,3,2021-09-14 09:46:31.510,93
1631612791510,95,4318,4308,17,170,2021-09-14 09:46:31.510,94
1631612791510,95,4318,4313,22,2,2021-09-14 09:46:31.510,71
1631612822744,95,4318,1703,3,46,2021-09-14 09:47:02.744,97
1631612822744,95,4318,6433,6,40,2021-09-14 09:47:02.744,89
1631612822744,95,4318,4303,11,0,2021-09-14 09:47:02.744,96
1631612822744,95,4318,4304,12,38,2021-09-14 09:47:02.744,93
1631612822744,95,4318,4309,18,0,2021-09-14 09:47:02.744,94
1631612822744,95,4318,4314,23,38,2021-09-14 09:47:02.744,71
1631612855408,95,4318,1703,3,46,2021-09-14 09:47:35.408,97
1631612855408,95,4318,6433,6,40,2021-09-14 09:47:35.408,89
1631612855408,95,4318,4303,11,10,2021-09-14 09:47:35.408,96
1631612855408,95,4318,4304,12,38,2021-09-14 09:47:35.408,93
1631612855408,95,4318,4307,15,6,2021-09-14 09:47:35.408,98
1631612855408,95,4318,4309,18,38,2021-09-14 09:47:35.408,94
1631612855408,95,4318,4314,23,38,2021-09-14 09:47:35.408,71
1631612886436,95,4318,1703,3,46,2021-09-14 09:48:06.436,97
1631612886436,95,4318,1233,8,34,2021-09-14 09:48:06.436,99
1631612886436,95,4318,4303,11,19,2021-09-14 09:48:06.436,96
1631612886436,95,4318,4304,12,38,2021-09-14 09:48:06.436,93
1631612886436,95,4318,4309,18,244,2021-09-14 09:48:06.436,94
1631612886436,95,4318,4314,23,38,2021-09-14 09:48:06.436,71
1631612918905,95,4318,1703,3,46,2021-09-14 09:48:38.905,97
1631612918905,95,4318,1233,8,34,2021-09-14 09:48:38.905,99
1631612918905,95,4318,4303,11,165,2021-09-14 09:48:38.905,96
1631612918905,95,4318,4304,12,38,2021-09-14 09:48:38.905,93
1631612918905,95,4318,4309,18,244,2021-09-14 09:48:38.905,94
1631612918905,95,4318,4314,23,38,2021-09-14 09:48:38.905,71
1631612949106,95,4318,1128,4,8,2021-09-14 09:49:09.106,97
1631612949106,95,4318,1233,8,34,2021-09-14 09:49:09.106,99
1631612949106,95,4318,4304,12,75,2021-09-14 09:49:09.106,96
1631612949106,95,4318,4305,13,239,2021-09-14 09:49:09.106,93
1631612949106,95,4318,4310,19,40,2021-09-14 09:49:09.106,94
1631612981877,95,4318,1128,4,82,2021-09-14 09:49:41.877,97
1631612981877,95,4318,1906,9,0,2021-09-14 09:49:41.877,99
1631612981877,95,4318,4304,12,75,2021-09-14 09:49:41.877,96
1631612981877,95,4318,4305,13,268,2021-09-14 09:49:41.877,93
1631612981877,95,4318,4307,15,6,2021-09-14 09:49:41.877,100
1631612981877,95,4318,4310,19,40,2021-09-14 09:49:41.877,94
1631613013408,95,4318,1128,4,218,2021-09-14 09:50:13.408,97
1631613013408,95,4318,1906,9,52,2021-09-14 09:50:13.408,99
1631613013408,95,4318,4304,12,221,2021-09-14 09:50:13.408,96
1631613013408,95,4318,4305,13,309,2021-09-14 09:50:13.408,93
1631613013408,95,4318,4310,19,40,2021-09-14 09:50:13.408,94
1631613044852,95,4318,6354,5,104,2021-09-14 09:50:44.852,97
1631613044852,95,4318,1909,10,0,2021-09-14 09:50:44.852,99
1631613044852,95,4318,4305,13,130,2021-09-14 09:50:44.852,96
1631613044852,95,4318,4306,14,170,2021-09-14 09:50:44.852,93
1631613044852,95,4318,4310,19,40,2021-09-14 09:50:44.852,94
1631613076496,95,4318,6354,5,231,2021-09-14 09:51:16.496,97
1631613076496,95,4318,1909,10,93,2021-09-14 09:51:16.496,99
1631613076496,95,4318,4305,13,130,2021-09-14 09:51:16.496,96
1631613076496,95,4318,4306,14,170,2021-09-14 09:51:16.496,93
1631613076496,95,4318,4307,15,6,2021-09-14 09:51:16.496,101
1631613076496,95,4318,4310,19,40,2021-09-14 09:51:16.496,94
1631613107625,95,4318,6354,5,367,2021-09-14 09:51:47.625,97
1631613107625,95,4318,4303,11,3,2021-09-14 09:51:47.625,99
1631613107625,95,4318,4306,14,38,2021-09-14 09:51:47.625,96
1631613107625,95,4318,4307,15,0,2021-09-14 09:51:47.625,93
1631613107625,95,4318,4307,15,6,2021-09-14 09:51:47.625,101
1631613107625,95,4318,4311,20,40,2021-09-14 09:51:47.625,94
1631613138332,95,4318,6354,5,508,2021-09-14 09:52:18.332,97
1631613138332,95,4318,4303,11,11,2021-09-14 09:52:18.332,99
1631613138332,95,4318,4306,14,38,2021-09-14 09:52:18.332,96
1631613138332,95,4318,4307,15,1,2021-09-14 09:52:18.332,93
1631613138332,95,4318,4307,15,6,2021-09-14 09:52:18.332,101
1631613138332,95,4318,4311,20,40,2021-09-14 09:52:18.332,94
1631613171114,95,4318,6354,5,684,2021-09-14 09:52:51.114,97
1631613171114,95,4318,4303,11,337,2021-09-14 09:52:51.114,99
1631613171114,95,4318,4306,14,38,2021-09-14 09:52:51.114,96
1631613171114,95,4318,4307,15,6,2021-09-14 09:52:51.114,93
1631613171114,95,4318,4307,15,74,2021-09-14 09:52:51.114,101
1631613171114,95,4318,1453,21,109,2021-09-14 09:52:51.114,94
1631613202860,95,4318,1703,3,46,2021-09-14 09:53:22.860,102
1631613202860,95,4318,6354,5,684,2021-09-14 09:53:22.860,97
1631613202860,95,4318,4304,12,122,2021-09-14 09:53:22.860,99
1631613202860,95,4318,4307,15,6,2021-09-14 09:53:22.860,96
1631613202860,95,4318,4307,15,74,2021-09-14 09:53:22.860,101
1631613202860,95,4318,4307,15,83,2021-09-14 09:53:22.860,103
1631613202860,95,4318,1453,21,109,2021-09-14 09:53:22.860,94
1631613234093,95,4318,1703,3,46,2021-09-14 09:53:54.093,102
1631613234093,95,4318,6354,5,684,2021-09-14 09:53:54.093,97
1631613234093,95,4318,4304,12,122,2021-09-14 09:53:54.093,99
1631613234093,95,4318,4307,15,74,2021-09-14 09:53:54.093,96
1631613234093,95,4318,4307,15,83,2021-09-14 09:53:54.093,103
1631613234093,95,4318,1453,21,109,2021-09-14 09:53:54.093,94
1631613265120,95,4318,1703,3,46,2021-09-14 09:54:25.120,102
1631613265120,95,4318,6354,5,684,2021-09-14 09:54:25.120,97
1631613265120,95,4318,4305,13,38,2021-09-14 09:54:25.120,99
1631613265120,95,4318,4307,15,74,2021-09-14 09:54:25.120,96
1631613265120,95,4318,4307,15,83,2021-09-14 09:54:25.120,103
1631613265120,95,4318,4314,23,164,2021-09-14 09:54:25.120,104
1631613297275,95,4318,1703,3,46,2021-09-14 09:54:57.275,102
1631613297275,95,4318,6354,5,684,2021-09-14 09:54:57.275,97
1631613297275,95,4318,4305,13,79,2021-09-14 09:54:57.275,99
1631613297275,95,4318,4307,15,83,2021-09-14 09:54:57.275,96
1631613297275,95,4318,3558,16,52,2021-09-14 09:54:57.275,103
1631613297275,95,4318,4315,24,0,2021-09-14 09:54:57.275,104
1631613329429,95,4318,1128,4,89,2021-09-14 09:55:29.429,102
1631613329429,95,4318,6354,5,684,2021-09-14 09:55:29.429,97
1631613329429,95,4318,4305,13,274,2021-09-14 09:55:29.429,99
1631613329429,95,4318,4307,15,83,2021-09-14 09:55:29.429,96
1631613329429,95,4318,3558,16,52,2021-09-14 09:55:29.429,103
1631613329429,95,4318,4315,24,0,2021-09-14 09:55:29.429,104
1631613361174,95,4318,1128,4,216,2021-09-14 09:56:01.174,102
1631613361174,95,4318,4305,13,274,2021-09-14 09:56:01.174,99
1631613361174,95,4318,3558,16,52,2021-09-14 09:56:01.174,103
1631613361174,95,4318,4315,24,0,2021-09-14 09:56:01.174,104
1631613392816,95,4318,6354,5,82,2021-09-14 09:56:32.816,102
1631613392816,95,4318,4306,14,62,2021-09-14 09:56:32.816,99
1631613392816,95,4318,3558,16,516,2021-09-14 09:56:32.816,103
1631613392816,95,4318,4308,17,0,2021-09-14 09:56:32.816,105
1631613392816,95,4318,4315,24,144,2021-09-14 09:56:32.816,104
1631613424867,95,4318,6354,5,322,2021-09-14 09:57:04.867,102
1631613424867,95,4318,1233,8,320,2021-09-14 09:57:04.867,106
1631613424867,95,4318,4306,14,62,2021-09-14 09:57:04.867,99
1631613424867,95,4318,4308,17,0,2021-09-14 09:57:04.867,103
1631613424867,95,4318,4308,17,170,2021-09-14 09:57:04.867,105
1631613457943,95,4318,2268,2,54,2021-09-14 09:57:37.943,107
1631613457943,95,4318,6354,5,474,2021-09-14 09:57:37.943,102
1631613457943,95,4318,1233,8,320,2021-09-14 09:57:37.943,106
1631613457943,95,4318,4306,14,62,2021-09-14 09:57:37.943,99
1631613457943,95,4318,4308,17,48,2021-09-14 09:57:37.943,103
1631613457943,95,4318,4308,17,287,2021-09-14 09:57:37.943,105
1631613488356,95,4318,1703,3,46,2021-09-14 09:58:08.356,107
1631613488356,95,4318,6354,5,690,2021-09-14 09:58:08.356,102
1631613488356,95,4318,1233,8,420,2021-09-14 09:58:08.356,106
1631613488356,95,4318,4306,14,62,2021-09-14 09:58:08.356,99
1631613488356,95,4318,4308,17,278,2021-09-14 09:58:08.356,103
1631613488356,95,4318,4309,18,0,2021-09-14 09:58:08.356,105
1631613520306,95,4318,1703,3,46,2021-09-14 09:58:40.306,107
1631613520306,95,4318,6354,5,690,2021-09-14 09:58:40.306,102
1631613520306,95,4318,1906,9,0,2021-09-14 09:58:40.306,106
1631613520306,95,4318,4306,14,62,2021-09-14 09:58:40.306,99
1631613520306,95,4318,4309,18,0,2021-09-14 09:58:40.306,103
1631613520306,95,4318,4309,18,68,2021-09-14 09:58:40.306,105
1631613550617,95,4318,1703,3,46,2021-09-14 09:59:10.617,107
1631613550617,95,4318,6354,5,690,2021-09-14 09:59:10.617,102
1631613550617,95,4318,1906,9,55,2021-09-14 09:59:10.617,106
1631613550617,95,4318,4307,15,6,2021-09-14 09:59:10.617,99
1631613550617,95,4318,3558,16,42,2021-09-14 09:59:10.617,108
1631613550617,95,4318,4309,18,158,2021-09-14 09:59:10.617,103
1631613550617,95,4318,4309,18,171,2021-09-14 09:59:10.617,105
1631613583693,95,4318,1703,3,46,2021-09-14 09:59:43.693,107
1631613583693,95,4318,6354,5,739,2021-09-14 09:59:43.693,102
1631613583693,95,4318,1906,9,174,2021-09-14 09:59:43.693,106
1631613583693,95,4318,4307,15,6,2021-09-14 09:59:43.693,99
1631613583693,95,4318,3558,16,42,2021-09-14 09:59:43.693,108
1631613583693,95,4318,4309,18,393,2021-09-14 09:59:43.693,103
1631613583693,95,4318,4309,18,407,2021-09-14 09:59:43.693,105
1631613614208,95,4318,1703,3,46,2021-09-14 10:00:14.208,107
1631613614208,95,4318,6354,5,739,2021-09-14 10:00:14.208,102
1631613614208,95,4318,1909,10,0,2021-09-14 10:00:14.208,106
1631613614208,95,4318,3558,16,42,2021-09-14 10:00:14.208,108
1631613614208,95,4318,4309,18,482,2021-09-14 10:00:14.208,103
1631613614208,95,4318,4310,19,0,2021-09-14 10:00:14.208,105
1631613644417,95,4318,1703,3,46,2021-09-14 10:00:44.417,107
1631613644417,95,4318,6433,6,40,2021-09-14 10:00:44.417,102
1631613644417,95,4318,1909,10,0,2021-09-14 10:00:44.417,106
1631613644417,95,4318,4307,15,6,2021-09-14 10:00:44.417,109
1631613644417,95,4318,4308,17,0,2021-09-14 10:00:44.417,108
1631613644417,95,4318,4310,19,0,2021-09-14 10:00:44.417,103
1631613644417,95,4318,4310,19,40,2021-09-14 10:00:44.417,105
1631613676367,95,4318,1729,7,46,2021-09-14 10:01:16.367,102
1631613676367,95,4318,1909,10,38,2021-09-14 10:01:16.367,106
1631613676367,95,4318,4308,17,48,2021-09-14 10:01:16.367,108
1631613676367,95,4318,4310,19,40,2021-09-14 10:01:16.367,103
1631613676367,95,4318,4310,19,42,2021-09-14 10:01:16.367,105
1631613707906,95,4318,6354,5,362,2021-09-14 10:01:47.906,110
1631613707906,95,4318,1729,7,69,2021-09-14 10:01:47.906,102
1631613707906,95,4318,1909,10,117,2021-09-14 10:01:47.906,106
1631613707906,95,4318,4309,18,0,2021-09-14 10:01:47.906,108
1631613707906,95,4318,4310,19,40,2021-09-14 10:01:47.906,103
1631613707906,95,4318,4310,19,114,2021-09-14 10:01:47.906,105
1631613740975,95,4318,6354,5,519,2021-09-14 10:02:20.975,110
1631613740975,95,4318,1729,7,69,2021-09-14 10:02:20.975,102
1631613740975,95,4318,1909,10,117,2021-09-14 10:02:20.975,106
1631613740975,95,4318,4309,18,45,2021-09-14 10:02:20.975,108
1631613740975,95,4318,4310,19,40,2021-09-14 10:02:20.975,103
1631613740975,95,4318,4310,19,152,2021-09-14 10:02:20.975,105
1631613771292,95,4318,6354,5,695,2021-09-14 10:02:51.292,110
1631613771292,95,4318,1233,8,34,2021-09-14 10:02:51.292,102
1631613771292,95,4318,4303,11,77,2021-09-14 10:02:51.292,106
1631613771292,95,4318,4309,18,297,2021-09-14 10:02:51.292,108
1631613771292,95,4318,4310,19,191,2021-09-14 10:02:51.292,105
1631613803036,95,4318,6354,5,695,2021-09-14 10:03:23.036,110
1631613803036,95,4318,1233,8,34,2021-09-14 10:03:23.036,102
1631613803036,95,4318,4303,11,77,2021-09-14 10:03:23.036,106
1631613803036,95,4318,4310,19,1,2021-09-14 10:03:23.036,108
1631613803036,95,4318,4310,19,191,2021-09-14 10:03:23.036,105
1631613803036,95,4318,4311,20,0,2021-09-14 10:03:23.036,111
1631613838775,95,4318,6354,5,695,2021-09-14 10:03:58.775,110
1631613838775,95,4318,1233,8,34,2021-09-14 10:03:58.775,102
1631613838775,95,4318,4303,11,77,2021-09-14 10:03:58.775,106
1631613838775,95,4318,4310,19,2,2021-09-14 10:03:58.775,108
1631613838775,95,4318,4310,19,191,2021-09-14 10:03:58.775,105
1631613838775,95,4318,4311,20,123,2021-09-14 10:03:58.775,111
1631613871440,95,4318,1703,3,0,2021-09-14 10:04:31.440,112
1631613871440,95,4318,6354,5,705,2021-09-14 10:04:31.440,110
1631613871440,95,4318,1233,8,34,2021-09-14 10:04:31.440,102
1631613871440,95,4318,4303,11,77,2021-09-14 10:04:31.440,106
1631613871440,95,4318,4310,19,119,2021-09-14 10:04:31.440,108
1631613871440,95,4318,4310,19,191,2021-09-14 10:04:31.440,105
1631613871440,95,4318,1453,21,0,2021-09-14 10:04:31.440,111
1631613904413,95,4318,1703,3,46,2021-09-14 10:05:04.413,112
1631613904413,95,4318,6433,6,6,2021-09-14 10:05:04.413,110
1631613904413,95,4318,1906,9,40,2021-09-14 10:05:04.413,102
1631613904413,95,4318,4310,19,119,2021-09-14 10:05:04.413,108
1631613904413,95,4318,1453,21,50,2021-09-14 10:05:04.413,111
1631613904413,95,4318,4313,22,1,2021-09-14 10:05:04.413,113
1631613936874,95,4318,1703,3,46,2021-09-14 10:05:36.874,112
1631613936874,95,4318,6433,6,6,2021-09-14 10:05:36.874,110
1631613936874,95,4318,1906,9,255,2021-09-14 10:05:36.874,102
1631613936874,95,4318,4310,19,241,2021-09-14 10:05:36.874,108
1631613936874,95,4318,1453,21,50,2021-09-14 10:05:36.874,111
1631613936874,95,4318,4313,22,8,2021-09-14 10:05:36.874,113
1631613967799,95,4318,1703,3,46,2021-09-14 10:06:07.799,112
1631613967799,95,4318,1729,7,46,2021-09-14 10:06:07.799,110
1631613967799,95,4318,1906,9,255,2021-09-14 10:06:07.799,102
1631613967799,95,4318,4305,13,254,2021-09-14 10:06:07.799,114
1631613967799,95,4318,4307,15,6,2021-09-14 10:06:07.799,115
1631613967799,95,4318,4311,20,0,2021-09-14 10:06:07.799,108
1631613967799,95,4318,4313,22,54,2021-09-14 10:06:07.799,111
1631613967799,95,4318,4313,22,232,2021-09-14 10:06:07.799,113
1631614935302,95,4318,1703,3,46,2021-09-14 10:22:15.302,112
1631614935302,95,4318,6354,5,699,2021-09-14 10:22:15.302,116
1631614935302,95,4318,1909,10,38,2021-09-14 10:22:15.302,102
1631614935302,95,4318,4304,12,0,2021-09-14 10:22:15.302,117
1631614935302,95,4318,4307,15,49,2021-09-14 10:22:15.302,115
1631614935302,95,4318,4310,19,468,2021-09-14 10:22:15.302,118
1631614935302,95,4318,4311,20,142,2021-09-14 10:22:15.302,108
1631614967144,95,4318,1703,3,120,2021-09-14 10:22:47.144,112
1631614967144,95,4318,6433,6,11,2021-09-14 10:22:47.144,116
1631614967144,95,4318,1909,10,212,2021-09-14 10:22:47.144,102
1631614967144,95,4318,4304,12,152,2021-09-14 10:22:47.144,117
1631614967144,95,4318,4307,15,6,2021-09-14 10:22:47.144,119
1631614967144,95,4318,4307,15,191,2021-09-14 10:22:47.144,115
1631614967144,95,4318,4311,20,0,2021-09-14 10:22:47.144,118
1631614967144,95,4318,1453,21,0,2021-09-14 10:22:47.144,108
1631614997666,95,4318,1128,4,0,2021-09-14 10:23:17.666,112
1631614997666,95,4318,1729,7,0,2021-09-14 10:23:17.666,116
1631614997666,95,4318,4303,11,0,2021-09-14 10:23:17.666,102
1631614997666,95,4318,4304,12,340,2021-09-14 10:23:17.666,117
1631614997666,95,4318,3558,16,0,2021-09-14 10:23:17.666,115
1631614997666,95,4318,4311,20,34,2021-09-14 10:23:17.666,118
1631614997666,95,4318,1453,21,152,2021-09-14 10:23:17.666,108
1631615030456,95,4318,1128,4,18,2021-09-14 10:23:50.456,112
1631615030456,95,4318,1729,7,183,2021-09-14 10:23:50.456,116
1631615030456,95,4318,4303,11,57,2021-09-14 10:23:50.456,102
1631615030456,95,4318,4305,13,0,2021-09-14 10:23:50.456,117
1631615030456,95,4318,3558,16,0,2021-09-14 10:23:50.456,115
1631615030456,95,4318,1453,21,38,2021-09-14 10:23:50.456,118
1631615030456,95,4318,4313,22,34,2021-09-14 10:23:50.456,108
1631615060944,95,4318,1128,4,126,2021-09-14 10:24:20.944,112
1631615060944,95,4318,1233,8,2,2021-09-14 10:24:20.944,116
1631615060944,95,4318,4303,11,57,2021-09-14 10:24:20.944,102
1631615060944,95,4318,4305,13,163,2021-09-14 10:24:20.944,117
1631615060944,95,4318,3558,16,0,2021-09-14 10:24:20.944,115
1631615060944,95,4318,1453,21,164,2021-09-14 10:24:20.944,118
1631615060944,95,4318,4313,22,34,2021-09-14 10:24:20.944,108
1631615091767,95,4318,1128,4,222,2021-09-14 10:24:51.767,112
1631615091767,95,4318,1233,8,37,2021-09-14 10:24:51.767,116
1631615091767,95,4318,4303,11,275,2021-09-14 10:24:51.767,102
1631615091767,95,4318,4305,13,274,2021-09-14 10:24:51.767,117
1631615091767,95,4318,4307,15,6,2021-09-14 10:24:51.767,120
1631615091767,95,4318,3558,16,42,2021-09-14 10:24:51.767,115
1631615091767,95,4318,4313,22,55,2021-09-14 10:24:51.767,118
1631615091767,95,4318,4313,22,363,2021-09-14 10:24:51.767,108
1631615123102,95,4318,6354,5,36,2021-09-14 10:25:23.102,112
1631615123102,95,4318,1233,8,285,2021-09-14 10:25:23.102,116
1631615123102,95,4318,4304,12,196,2021-09-14 10:25:23.102,102
1631615123102,95,4318,4305,13,274,2021-09-14 10:25:23.102,117
1631615123102,95,4318,3558,16,435,2021-09-14 10:25:23.102,115
1631615123102,95,4318,4313,22,217,2021-09-14 10:25:23.102,118
1631615123102,95,4318,4314,23,0,2021-09-14 10:25:23.102,108
1631615154340,95,4318,6354,5,80,2021-09-14 10:25:54.340,112
1631615154340,95,4318,1233,8,311,2021-09-14 10:25:54.340,116
1631615154340,95,4318,4304,12,196,2021-09-14 10:25:54.340,102
1631615154340,95,4318,4305,13,274,2021-09-14 10:25:54.340,117
1631615154340,95,4318,4308,17,0,2021-09-14 10:25:54.340,115
1631615154340,95,4318,4313,22,217,2021-09-14 10:25:54.340,118
1631615154340,95,4318,4314,23,145,2021-09-14 10:25:54.340,108
